10,2,0,0,0,1,0,0,1,0,0,1,NaN
10,2,10,0,0,1,0,0,1,0,0,1,0.8929
10,2,20,0,0,1,0,0,1,0,0,1,0.84116
10,2,30,0,0,1,0,0,1,0,0,1,0.82685
10,2,40,0,0,1,0,0,1,0,0,1,0.81718
10,2,50,0,0,1,0,0,1,0,0,1,0.80913
10,2,60,0,0,1,0,0,1,0,0,1,0.80156
10,2,70,0,0,1,0,0,1,0,0,1,0.794
10,2,80,0,0,1,0,0,1,0,0,1,0.78627
10,2,90,0,0,1,0,0,1,0,0,1,0.77823
10,2,100,0,0,1,0,0,1,0,0,1,0.7697
10,2,110,0,0,1,0,0,1,0,0,1,0.76062
10,2,120,0,0,1,0,0,1,0,0,1,0.75103
10,2,130,0,0,1,0,0,1,0,0,1,0.74123
10,2,140,0,0,1,0,0,1,0,0,1,0.73173
10,2,150,0,0,1,0,0,1,0,0,1,0.7232
10,2,160,0,0,1,0,0,1,0,0,1,0.71629
10,2,170,115.26,9.7936,0.65303,129.8,10.258,0.78391,137.88,9.6273,0.68978,0.71144
10,2,180,124.3,9.7831,0.55361,134.32,11.925,0.7852,161.21,10.833,0.76383,0.70879
10,2,190,142.3,9.7786,0.52681,134.6,13.157,0.75006,181.52,12.658,0.8195,0.70863
10,2,200,166.02,10.205,0.58526,134.28,13.859,0.68212,196.21,14.718,0.8476,0.71064
10,2,210,190.64,11.302,0.67538,137.32,14.077,0.59423,204.23,16.632,0.85449,0.71361
10,2,220,212.01,12.95,0.74861,146.07,13.966,0.5178,205.79,18.122,0.84506,0.71611
10,2,230,227.27,14.809,0.79323,159.9,13.755,0.48612,202.29,19.025,0.82092,0.71717
10,2,240,235.03,16.531,0.81451,176.01,13.686,0.50778,196.09,19.297,0.78247,0.71632
10,2,250,235.27,17.855,0.81839,191.09,13.923,0.56418,190.04,19.004,0.73248,0.71354
10,2,260,229.31,18.63,0.80794,202.5,14.477,0.62754,186.65,18.314,0.6802,0.7091
10,2,270,219.56,18.821,0.78436,208.77,15.213,0.67834,187.08,17.468,0.6414,0.70354
10,2,280,209.2,18.497,0.7495,209.58,15.934,0.70912,190.76,16.733,0.62985,0.69765
10,2,290,201.34,17.824,0.70957,205.75,16.46,0.71939,195.79,16.318,0.64611,0.69238
10,2,300,197.92,17.031,0.677,199.01,16.68,0.71105,199.92,16.288,0.67703,0.68854
10,2,310,198.93,16.363,0.66497,191.6,16.565,0.68749,201.4,16.541,0.70647,0.68649
10,2,320,202.5,15.996,0.67678,185.64,16.163,0.6552,199.35,16.872,0.72431,0.686
10,2,330,206.01,15.97,0.70316,182.46,15.582,0.62477,193.84,17.075,0.72696,0.68626
10,2,340,207.18,16.179,0.73082,182.11,14.959,0.60806,185.73,17.003,0.71422,0.68632
10,2,350,204.66,16.439,0.75072,183.51,14.426,0.61178,176.48,16.599,0.68762,0.68537
10,2,360,198.17,16.567,0.75902,185.06,14.07,0.63353,167.78,15.892,0.65114,0.68298
10,2,370,188.41,16.444,0.7546,185.26,13.905,0.66391,161.07,14.983,0.61294,0.67911
10,2,380,176.9,16.026,0.73743,183.19,13.876,0.69248,157.07,14.024,0.58496,0.67413
10,2,390,165.62,15.349,0.70903,178.62,13.884,0.712,155.54,13.182,0.57786,0.66878
10,2,400,156.54,14.513,0.67459,172.06,13.837,0.7191,155.45,12.591,0.59329,0.66403
10,2,410,150.9,13.663,0.64438,164.56,13.67,0.71339,155.47,12.297,0.62194,0.6608
10,2,420,148.7,12.949,0.62985,157.45,13.367,0.69707,154.54,12.238,0.65008,0.65944
10,2,430,148.76,12.478,0.63524,151.98,12.96,0.67548,152.13,12.284,0.66771,0.65965
10,2,440,149.38,12.269,0.65405,148.83,12.518,0.65684,148.43,12.3,0.67099,0.66066
10,2,450,149.09,12.253,0.67467,147.9,12.129,0.64916,144.15,12.196,0.66079,0.6616
10,2,460,147.12,12.308,0.68775,148.37,11.867,0.65544,140.35,11.949,0.64169,0.66185
10,2,470,143.54,12.316,0.68867,149.12,11.765,0.67174,138.01,11.603,0.62165,0.66118
10,2,480,139.15,12.207,0.67685,149.24,11.804,0.69017,137.64,11.248,0.61034,0.65985
10,2,490,135.24,11.974,0.65534,148.32,11.924,0.70368,139.12,10.992,0.61427,0.65852
10,2,500,133.03,11.669,0.63117,146.47,12.055,0.70837,141.75,10.915,0.63234,0.658
10,2,510,133.17,11.38,0.61386,144.25,12.144,0.70364,144.63,11.036,0.65671,0.65882
10,2,520,135.49,11.195,0.61046,142.39,12.168,0.69156,147.03,11.306,0.6785,0.66093
10,2,530,139.14,11.171,0.62105,141.53,12.135,0.67633,148.52,11.636,0.69229,0.6638
10,2,540,143.04,11.308,0.63936,141.98,12.078,0.66316,149.13,11.941,0.69678,0.66677
10,2,550,146.32,11.557,0.65766,143.62,12.039,0.65623,149.18,12.165,0.69344,0.66929
10,2,560,148.48,11.841,0.67068,145.97,12.051,0.6568,149.12,12.291,0.68528,0.671
10,2,570,149.51,12.095,0.67636,148.45,12.129,0.66308,149.43,12.335,0.67606,0.67186
10,2,580,149.75,12.274,0.67513,150.56,12.266,0.67158,150.38,12.339,0.66949,0.67207
10,2,590,149.77,12.369,0.66909,152.01,12.436,0.67888,152,12.351,0.66801,0.67201
10,2,600,150.12,12.4,0.66143,152.78,12.609,0.68268,154.09,12.413,0.67193,0.67206
10,2,610,151.17,12.402,0.65556,153.02,12.755,0.68201,156.26,12.54,0.6794,0.67241
10,2,620,152.98,12.417,0.65412,153.02,12.853,0.67734,158.09,12.722,0.68748,0.6731
10,2,630,155.31,12.474,0.65788,153.14,12.9,0.67028,159.3,12.928,0.69348,0.67401
10,2,640,157.72,12.587,0.66553,153.61,12.905,0.66315,159.77,13.117,0.69576,0.67495
10,2,650,159.72,12.743,0.67448,154.49,12.887,0.65821,159.59,13.253,0.69391,0.67566
10,2,660,160.97,12.912,0.68205,155.66,12.869,0.6568,159,13.318,0.68868,0.67596
10,2,670,161.34,13.059,0.68643,156.86,12.866,0.65887,158.31,13.312,0.68167,0.67575
10,2,680,160.98,13.157,0.68702,157.85,12.886,0.66319,157.8,13.254,0.67494,0.67511
10,2,690,160.22,13.195,0.68437,158.44,12.926,0.66798,157.65,13.176,0.6704,0.67428
10,2,700,159.42,13.181,0.6799,158.56,12.972,0.67158,157.82,13.109,0.66904,0.67352
10,2,710,158.88,13.133,0.67546,158.29,13.008,0.67292,158.15,13.074,0.67048,0.67295
10,2,720,158.74,13.078,0.67267,157.8,13.022,0.67193,158.41,13.073,0.67335,0.67265
10,2,730,158.92,13.037,0.67232,157.31,13.009,0.66935,158.44,13.094,0.67599,0.67256
10,2,740,159.25,13.022,0.67417,156.99,12.974,0.66644,158.16,13.117,0.67717,0.67261
10,2,750,159.49,13.032,0.67719,156.88,12.929,0.66439,157.6,13.125,0.6764,0.67268
10,2,760,159.44,13.056,0.68005,156.95,12.884,0.66389,156.86,13.105,0.67389,0.67264
10,2,770,159.03,13.075,0.68172,157.08,12.848,0.66502,156.08,13.054,0.67035,0.67239
10,2,780,158.29,13.077,0.68166,157.16,12.825,0.66734,155.41,12.98,0.66676,0.67195
10,2,790,157.33,13.053,0.67991,157.1,12.815,0.67012,154.93,12.897,0.66409,0.6714
10,2,800,156.34,13.005,0.67693,156.85,12.813,0.67259,154.68,12.819,0.66294,0.67084
10,2,810,155.46,12.939,0.67348,156.41,12.812,0.67411,154.62,12.758,0.66344,0.67036
10,2,820,154.85,12.866,0.67043,155.85,12.807,0.67438,154.67,12.721,0.66521,0.67002
10,2,830,154.54,12.801,0.66856,155.3,12.795,0.67355,154.73,12.708,0.66758,0.6699
10,2,840,154.49,12.754,0.66825,154.85,12.775,0.67207,154.72,12.712,0.66972,0.67002
10,2,850,154.56,12.73,0.66926,154.56,12.749,0.67058,154.58,12.722,0.67094,0.67026
10,2,860,154.59,12.724,0.6709,154.43,12.722,0.66965,154.29,12.724,0.67088,0.67047
10,2,870,154.46,12.727,0.67224,154.43,12.699,0.66966,153.95,12.711,0.66967,0.67052
10,2,880,154.14,12.729,0.67262,154.48,12.685,0.67064,153.65,12.682,0.66798,0.67042
10,2,890,153.71,12.721,0.67183,154.52,12.683,0.6722,153.51,12.646,0.66665,0.67023
10,2,900,153.27,12.701,0.67011,154.48,12.69,0.67375,153.55,12.615,0.66634,0.67007
10,2,910,152.96,12.672,0.66806,154.34,12.703,0.6747,153.75,12.597,0.66719,0.66999
10,2,920,152.84,12.642,0.66634,154.14,12.715,0.67477,154.03,12.598,0.6689,0.67001
10,2,930,152.94,12.618,0.6655,153.94,12.722,0.67406,154.31,12.615,0.67091,0.67016
10,2,940,153.2,12.607,0.66567,153.82,12.724,0.67291,154.53,12.644,0.67267,0.67042
10,2,950,153.53,12.611,0.66663,153.79,12.722,0.67175,154.67,12.675,0.67377,0.67072
10,2,960,153.86,12.626,0.66793,153.85,12.719,0.67086,154.73,12.702,0.67414,0.67098
10,2,970,154.13,12.647,0.6692,153.99,12.718,0.67041,154.75,12.721,0.6739,0.67117
10,2,980,154.32,12.671,0.67021,154.19,12.72,0.67042,154.75,12.733,0.67329,0.67131
10,2,990,154.45,12.694,0.67085,154.41,12.726,0.67082,154.76,12.738,0.67258,0.67141
10,2,1000,154.49,12.712,0.671,154.61,12.737,0.67146,154.81,12.739,0.67194,0.67147
10,2,1010,154.49,12.723,0.67069,154.76,12.75,0.67211,154.9,12.738,0.67159,0.67146
10,2,1020,154.49,12.728,0.67007,154.84,12.763,0.67257,155.05,12.74,0.67165,0.67143
10,2,1030,154.56,12.728,0.66943,154.87,12.777,0.67269,155.25,12.748,0.6722,0.67144
10,2,1040,154.7,12.728,0.66911,154.86,12.787,0.67241,155.44,12.763,0.67307,0.67153
10,2,1050,154.91,12.731,0.66926,154.83,12.792,0.67177,155.58,12.783,0.67393,0.67166
10,2,1060,155.11,12.736,0.6698,154.8,12.791,0.67096,155.62,12.802,0.67442,0.67173
10,2,1070,155.26,12.745,0.67053,154.79,12.786,0.67024,155.57,12.815,0.67436,0.67171
10,2,1080,155.35,12.755,0.67119,154.82,12.778,0.66984,155.48,12.819,0.67387,0.67163
10,2,1090,155.36,12.763,0.67159,154.88,12.773,0.66985,155.4,12.817,0.67319,0.67154
10,2,1100,155.32,12.769,0.67161,154.92,12.771,0.67009,155.34,12.811,0.67261,0.67144
10,2,1110,155.28,12.77,0.67137,154.95,12.772,0.67032,155.33,12.805,0.67231,0.67134
10,2,1120,155.28,12.769,0.6711,154.95,12.773,0.67037,155.36,12.802,0.67232,0.67126
10,2,1130,155.35,12.769,0.67104,154.95,12.774,0.67022,155.39,12.804,0.67254,0.67127
10,2,1140,155.46,12.773,0.6713,154.97,12.775,0.66996,155.42,12.81,0.67276,0.67134
10,2,1150,155.57,12.779,0.67177,155.01,12.774,0.66972,155.41,12.817,0.6728,0.67143
10,2,1160,155.65,12.788,0.67227,155.05,12.772,0.66959,155.36,12.821,0.67261,0.67149
10,2,1170,155.68,12.796,0.67271,155.1,12.77,0.66959,155.28,12.821,0.67223,0.67151
10,2,1180,155.65,12.803,0.67302,155.14,12.767,0.66973,155.17,12.816,0.67171,0.67148
10,2,1190,155.56,12.806,0.67316,155.16,12.763,0.66993,155.02,12.805,0.67106,0.67138
10,2,1200,155.4,12.805,0.6731,155.16,12.758,0.6702,154.86,12.79,0.6703,0.6712
10,2,1210,155.22,12.8,0.67284,155.17,12.753,0.67055,154.71,12.771,0.66955,0.67098
10,2,1220,155.07,12.795,0.67247,155.19,12.751,0.67102,154.63,12.753,0.66902,0.67084
10,2,1230,154.96,12.79,0.67211,155.23,12.753,0.67155,154.62,12.741,0.66886,0.67084
10,2,1240,154.91,12.786,0.67184,155.26,12.757,0.67197,154.66,12.734,0.66902,0.67095
10,2,1250,154.9,12.784,0.67171,155.26,12.762,0.67218,154.69,12.733,0.66933,0.67108
10,2,1260,154.9,12.782,0.67174,155.25,12.764,0.67217,154.68,12.734,0.66956,0.67115
10,2,1270,154.89,12.782,0.67188,155.23,12.762,0.67206,154.63,12.734,0.66957,0.67117
10,2,1280,154.85,12.782,0.67205,155.23,12.759,0.67205,154.56,12.731,0.66935,0.67115
10,2,1290,154.77,12.781,0.67211,155.23,12.756,0.67222,154.47,12.724,0.66898,0.6711
10,2,1300,154.65,12.778,0.67193,155.22,12.754,0.67253,154.41,12.714,0.6686,0.67102
10,2,1310,154.51,12.773,0.67152,155.21,12.755,0.67291,154.39,12.704,0.66838,0.67094
10,2,1320,154.41,12.765,0.67103,155.2,12.757,0.67322,154.42,12.697,0.66843,0.6709
10,2,1330,154.35,12.758,0.6706,155.18,12.76,0.67342,154.48,12.694,0.66871,0.67091
10,2,1340,154.34,12.752,0.67032,155.17,12.765,0.67349,154.56,12.695,0.66911,0.67097
10,2,1350,154.37,12.749,0.67015,155.17,12.769,0.6735,154.66,12.7,0.66954,0.67107
10,2,1360,154.43,12.749,0.67008,155.18,12.775,0.67352,154.78,12.708,0.67001,0.6712
10,2,1370,154.48,12.749,0.67005,155.18,12.78,0.6735,154.89,12.718,0.67049,0.67135
10,2,1380,154.51,12.749,0.67,155.14,12.785,0.67341,154.96,12.727,0.67093,0.67145
10,2,1390,154.51,12.746,0.66989,155.06,12.785,0.67317,155,12.734,0.67126,0.67144
10,2,1400,154.49,12.74,0.66973,154.96,12.782,0.67282,154.99,12.737,0.67144,0.67133
10,2,1410,154.46,12.733,0.66958,154.86,12.777,0.67245,154.97,12.738,0.67152,0.67118
10,2,1420,154.45,12.727,0.66948,154.8,12.771,0.67217,154.97,12.738,0.67158,0.67108
10,2,1430,154.46,12.724,0.66946,154.77,12.768,0.67202,154.99,12.739,0.67171,0.67106
10,2,1440,154.49,12.722,0.6695,154.76,12.768,0.67197,155.03,12.742,0.67189,0.67112
10,2,1450,154.53,12.723,0.66956,154.76,12.768,0.6719,155.07,12.746,0.67207,0.67118
10,2,1460,154.57,12.724,0.66967,154.77,12.769,0.67176,155.09,12.75,0.67218,0.67121
10,2,1470,154.63,12.727,0.66984,154.79,12.769,0.67162,155.1,12.754,0.67218,0.67122
10,2,1480,154.67,12.731,0.67006,154.83,12.769,0.67157,155.1,12.756,0.67209,0.67124
10,2,1490,154.7,12.736,0.67018,154.88,12.77,0.67163,155.1,12.758,0.6719,0.67124
10,2,1500,154.7,12.74,0.67017,154.93,12.773,0.67179,155.13,12.758,0.67174,0.67123
10,2,1510,154.71,12.742,0.67003,154.96,12.777,0.67196,155.17,12.758,0.6717,0.67123
10,2,1520,154.71,12.742,0.66986,154.98,12.781,0.67205,155.22,12.76,0.67179,0.67124
10,2,1530,154.74,12.743,0.66973,154.99,12.785,0.67205,155.27,12.762,0.67196,0.67124
10,2,1540,154.78,12.743,0.66969,154.99,12.787,0.67191,155.31,12.767,0.67214,0.67125
10,2,1550,154.84,12.745,0.66979,155,12.788,0.67172,155.33,12.771,0.67228,0.67127
10,2,1560,154.91,12.748,0.67003,155.01,12.788,0.67155,155.34,12.776,0.67235,0.67131
10,2,1570,154.97,12.753,0.67032,155.03,12.787,0.67142,155.32,12.78,0.67235,0.67136
10,2,1580,155,12.756,0.67055,155,12.784,0.67126,155.27,12.782,0.67229,0.67137
10,2,1590,155.01,12.758,0.67072,154.95,12.778,0.67099,155.18,12.781,0.67213,0.67128
10,2,1600,155,12.757,0.67087,154.88,12.769,0.67065,155.07,12.777,0.67188,0.67114
10,2,1610,155.01,12.756,0.67108,154.84,12.76,0.67039,154.97,12.772,0.67159,0.67102
10,2,1620,155.02,12.757,0.67133,154.84,12.753,0.67035,154.91,12.768,0.67134,0.67101
10,2,1630,155.05,12.76,0.67152,154.86,12.75,0.6705,154.9,12.766,0.67135,0.67112
10,2,1640,155.22,12.764,0.6719,154.85,12.75,0.67045,154.95,12.772,0.67199,0.67145
10,2,1650,155.59,12.777,0.6734,154.88,12.746,0.66977,154.9,12.788,0.67299,0.67206
10,2,1660,156.11,12.811,0.67686,155.12,12.734,0.66887,154.57,12.806,0.67308,0.67295
10,2,1670,156.41,12.873,0.68189,155.73,12.717,0.66936,153.88,12.805,0.67073,0.67401
10,2,1680,156.06,12.947,0.6864,156.68,12.713,0.67323,153.02,12.758,0.66543,0.67507
10,2,1690,154.71,12.999,0.68747,157.65,12.743,0.68119,152.37,12.654,0.65879,0.67591
10,2,1700,152.4,12.982,0.68278,158.03,12.812,0.69153,152.28,12.511,0.65447,0.67642
10,2,1710,149.62,12.859,0.67201,157.22,12.897,0.7006,152.81,12.373,0.65643,0.67655
10,2,1720,147.15,12.631,0.65795,154.9,12.947,0.70428,153.54,12.288,0.66599,0.67632
10,2,1730,145.69,12.338,0.64647,151.3,12.904,0.69987,153.71,12.278,0.68025,0.67584
10,2,1740,145.41,12.056,0.64409,147.21,12.73,0.68731,152.58,12.32,0.69343,0.67524
10,2,1750,145.77,11.862,0.6534,143.7,12.434,0.67031,149.82,12.348,0.6998,0.67473
10,2,1760,145.78,11.789,0.67041,141.62,12.072,0.65631,145.68,12.287,0.69596,0.67439
10,2,1770,144.44,11.805,0.68696,141.08,11.736,0.65332,141.06,12.089,0.68195,0.67421
10,2,1780,141.26,11.823,0.6954,141.36,11.508,0.66413,137.1,11.754,0.66224,0.67407
10,2,1790,136.49,11.747,0.69141,141.24,11.42,0.68362,134.71,11.344,0.64576,0.67384
10,2,1800,131.07,11.516,0.67483,139.62,11.426,0.70234,133.95,10.955,0.64187,0.67338
11,3,0,0,0,1,0,0,1,0,0,1,NaN
11,3,10,0,0,1,0,0,1,0,0,1,0.89289
11,3,20,0,0,1,0,0,1,0,0,1,0.84119
11,3,30,0,0,1,0,0,1,0,0,1,0.8269
11,3,40,0,0,1,0,0,1,0,0,1,0.81724
11,3,50,0,0,1,0,0,1,0,0,1,0.8092
11,3,60,0,0,1,0,0,1,0,0,1,0.80165
11,3,70,0,0,1,0,0,1,0,0,1,0.79411
11,3,80,0,0,1,0,0,1,0,0,1,0.78639
11,3,90,0,0,1,0,0,1,0,0,1,0.77837
11,3,100,0,0,1,0,0,1,0,0,1,0.76986
11,3,110,0,0,1,0,0,1,0,0,1,0.76079
11,3,120,0,0,1,0,0,1,0,0,1,0.75123
11,3,130,0,0,1,0,0,1,0,0,1,0.74146
11,3,140,0,0,1,0,0,1,0,0,1,0.73199
11,3,150,0,0,1,0,0,1,0,0,1,0.72349
11,3,160,0,0,1,0,0,1,0,0,1,0.71662
11,3,170,115.25,9.795,0.65306,129.85,10.269,0.78429,137.95,9.632,0.69038,0.7118
11,3,180,124.28,9.7846,0.55373,134.38,11.936,0.78561,161.27,10.839,0.7643,0.70916
11,3,190,142.27,9.7803,0.52697,134.66,13.168,0.75059,181.58,12.665,0.81984,0.70901
11,3,200,165.98,10.207,0.58539,134.33,13.87,0.68283,196.28,14.725,0.84788,0.71103
11,3,210,190.59,11.304,0.67547,137.36,14.088,0.59512,204.3,16.639,0.85475,0.714
11,3,220,211.95,12.95,0.74868,146.08,13.976,0.51875,205.86,18.127,0.84535,0.71649
11,3,230,227.21,14.809,0.7933,159.88,13.764,0.48695,202.35,19.03,0.82127,0.71754
11,3,240,234.97,16.53,0.8146,175.95,13.694,0.50841,196.15,19.301,0.78291,0.71669
11,3,250,235.22,17.852,0.81852,191.01,13.929,0.56462,190.09,19.007,0.73303,0.71391
11,3,260,229.25,18.626,0.80812,202.42,14.481,0.62787,186.66,18.316,0.68083,0.70947
11,3,270,219.51,18.816,0.78459,208.68,15.215,0.67862,187.07,17.469,0.64207,0.70393
11,3,280,209.15,18.492,0.74981,209.5,15.934,0.7094,190.73,16.734,0.63051,0.69806
11,3,290,201.28,17.819,0.70995,205.68,16.459,0.71971,195.75,16.319,0.64672,0.69281
11,3,300,197.86,17.027,0.67743,198.95,16.678,0.71142,199.89,16.288,0.67759,0.68899
11,3,310,198.86,16.359,0.66543,191.54,16.563,0.68792,201.37,16.541,0.70698,0.68696
11,3,320,202.43,15.992,0.67722,185.57,16.162,0.65568,199.32,16.872,0.7248,0.68647
11,3,330,205.93,15.966,0.70356,182.38,15.58,0.62528,193.8,17.074,0.72746,0.68674
11,3,340,207.1,16.175,0.73119,182.01,14.957,0.60855,185.69,17.002,0.71476,0.68679
11,3,350,204.58,16.434,0.75109,183.4,14.423,0.61223,176.44,16.597,0.68821,0.68583
11,3,360,198.09,16.562,0.75939,184.95,14.066,0.63393,167.73,15.89,0.65177,0.68344
11,3,370,188.34,16.438,0.75499,185.15,13.901,0.66428,161.01,14.98,0.6136,0.67959
11,3,380,176.83,16.02,0.73787,183.08,13.87,0.69285,157,14.02,0.58562,0.67461
11,3,390,165.55,15.343,0.70952,178.52,13.879,0.71238,155.46,13.179,0.5785,0.66928
11,3,400,156.47,14.507,0.67514,171.97,13.832,0.7195,155.37,12.588,0.59391,0.66455
11,3,410,150.84,13.658,0.64498,164.47,13.665,0.71382,155.4,12.294,0.62253,0.66133
11,3,420,148.64,12.945,0.63047,157.37,13.363,0.69753,154.46,12.236,0.65064,0.65998
11,3,430,148.7,12.474,0.63586,151.9,12.956,0.67597,152.06,12.281,0.66825,0.66019
11,3,440,149.32,12.266,0.65464,148.75,12.514,0.65734,148.36,12.297,0.67152,0.6612
11,3,450,149.03,12.25,0.67524,147.82,12.125,0.64966,144.08,12.193,0.66133,0.66214
11,3,460,147.06,12.305,0.6883,148.29,11.863,0.65593,140.28,11.947,0.64223,0.66238
11,3,470,143.48,12.313,0.68923,149.04,11.761,0.67222,137.93,11.6,0.62219,0.66171
11,3,480,139.1,12.204,0.67743,149.18,11.801,0.69065,137.57,11.245,0.61087,0.66038
11,3,490,135.19,11.972,0.65595,148.26,11.921,0.70416,139.04,10.989,0.61479,0.65906
11,3,500,132.98,11.668,0.63181,146.42,12.052,0.70887,141.68,10.913,0.63285,0.65855
11,3,510,133.13,11.379,0.61451,144.21,12.142,0.70416,144.57,11.034,0.6572,0.65938
11,3,520,135.44,11.195,0.6111,142.35,12.166,0.69211,146.97,11.304,0.67897,0.66148
11,3,530,139.09,11.171,0.62166,141.49,12.134,0.6769,148.47,11.634,0.69275,0.66434
11,3,540,142.99,11.309,0.63992,141.95,12.078,0.66375,149.09,11.94,0.69724,0.66731
11,3,550,146.27,11.557,0.65819,143.58,12.038,0.65681,149.13,12.164,0.69391,0.66981
11,3,560,148.43,11.841,0.67118,145.93,12.051,0.65737,149.08,12.29,0.68575,0.67152
11,3,570,149.46,12.094,0.67686,148.41,12.129,0.66363,149.38,12.334,0.67655,0.67237
11,3,580,149.71,12.274,0.67563,150.52,12.265,0.67212,150.33,12.337,0.66998,0.67258
11,3,590,149.72,12.369,0.6696,151.98,12.436,0.67941,151.96,12.35,0.66851,0.67252
11,3,600,150.07,12.4,0.66194,152.75,12.609,0.68321,154.05,12.411,0.67242,0.67257
11,3,610,151.12,12.402,0.65608,152.98,12.755,0.68254,156.21,12.539,0.67989,0.67292
11,3,620,152.93,12.416,0.65464,152.99,12.853,0.67787,158.04,12.722,0.68796,0.67361
11,3,630,155.26,12.474,0.65839,153.1,12.9,0.67081,159.25,12.927,0.69395,0.67452
11,3,640,157.67,12.587,0.66604,153.57,12.904,0.66368,159.73,13.116,0.69622,0.67545
11,3,650,159.67,12.743,0.67498,154.45,12.887,0.65875,159.55,13.252,0.69437,0.67616
11,3,660,160.92,12.912,0.68254,155.62,12.868,0.65735,158.96,13.317,0.68914,0.67646
11,3,670,161.29,13.059,0.68692,156.83,12.866,0.65942,158.26,13.311,0.68213,0.67625
11,3,680,160.94,13.157,0.68749,157.82,12.886,0.66374,157.76,13.253,0.67542,0.67561
11,3,690,160.17,13.195,0.68484,158.4,12.926,0.66853,157.61,13.175,0.67089,0.67479
11,3,700,159.37,13.18,0.68038,158.52,12.972,0.67212,157.78,13.108,0.66954,0.67403
11,3,710,158.84,13.133,0.67595,158.25,13.008,0.67346,158.11,13.073,0.67099,0.67347
11,3,720,158.7,13.077,0.67316,157.77,13.022,0.67246,158.38,13.072,0.67386,0.67316
11,3,730,158.88,13.036,0.67282,157.28,13.009,0.66988,158.4,13.093,0.6765,0.67307
11,3,740,159.21,13.022,0.67467,156.95,12.974,0.66697,158.12,13.117,0.67768,0.67312
11,3,750,159.45,13.032,0.67768,156.84,12.929,0.66492,157.56,13.125,0.67691,0.67319
11,3,760,159.4,13.055,0.68054,156.91,12.884,0.66442,156.82,13.104,0.6744,0.67314
11,3,770,158.99,13.074,0.6822,157.04,12.848,0.66554,156.05,13.054,0.67086,0.6729
11,3,780,158.25,13.076,0.68214,157.12,12.825,0.66786,155.37,12.98,0.66729,0.67246
11,3,790,157.29,13.053,0.6804,157.06,12.815,0.67064,154.9,12.897,0.66462,0.67191
11,3,800,156.3,13.004,0.67742,156.8,12.812,0.67311,154.65,12.818,0.66348,0.67136
11,3,810,155.42,12.938,0.67397,156.36,12.812,0.67462,154.59,12.758,0.66399,0.67088
11,3,820,154.81,12.865,0.67093,155.81,12.807,0.67489,154.63,12.721,0.66577,0.67054
11,3,830,154.5,12.8,0.66906,155.25,12.795,0.67404,154.7,12.708,0.66814,0.67042
11,3,840,154.45,12.753,0.66875,154.8,12.774,0.67256,154.69,12.712,0.67028,0.67053
11,3,850,154.52,12.728,0.66977,154.51,12.749,0.67106,154.54,12.722,0.6715,0.67077
11,3,860,154.55,12.723,0.6714,154.38,12.721,0.67011,154.25,12.724,0.67142,0.67098
11,3,870,154.42,12.726,0.67276,154.37,12.698,0.67012,153.9,12.711,0.67021,0.67103
11,3,880,154.11,12.728,0.67316,154.43,12.684,0.67109,153.61,12.682,0.66851,0.67092
11,3,890,153.67,12.72,0.67238,154.47,12.681,0.67266,153.46,12.646,0.66716,0.67074
11,3,900,153.24,12.701,0.67067,154.43,12.689,0.67423,153.51,12.614,0.66684,0.67058
11,3,910,152.93,12.673,0.66862,154.3,12.702,0.6752,153.71,12.597,0.66768,0.6705
11,3,920,152.81,12.642,0.6669,154.11,12.714,0.67528,153.98,12.597,0.66938,0.67053
11,3,930,152.91,12.619,0.66605,153.92,12.722,0.67459,154.27,12.615,0.6714,0.67069
11,3,940,153.17,12.608,0.66621,153.79,12.724,0.67345,154.5,12.643,0.67315,0.67095
11,3,950,153.5,12.612,0.66716,153.76,12.723,0.6723,154.64,12.675,0.67426,0.67124
11,3,960,153.82,12.626,0.66844,153.83,12.72,0.67141,154.7,12.702,0.67463,0.6715
11,3,970,154.09,12.648,0.6697,153.97,12.718,0.67095,154.72,12.721,0.6744,0.67169
11,3,980,154.29,12.672,0.67071,154.17,12.72,0.67095,154.72,12.733,0.6738,0.67182
11,3,990,154.41,12.695,0.67135,154.39,12.727,0.67135,154.73,12.738,0.67308,0.67193
11,3,1000,154.46,12.713,0.67151,154.59,12.737,0.67199,154.78,12.739,0.67244,0.67198
11,3,1010,154.46,12.724,0.67121,154.74,12.75,0.67264,154.87,12.738,0.67208,0.67198
11,3,1020,154.46,12.729,0.67059,154.82,12.764,0.67312,155.02,12.74,0.67214,0.67195
11,3,1030,154.52,12.729,0.66995,154.85,12.778,0.67325,155.21,12.748,0.67269,0.67196
11,3,1040,154.66,12.729,0.66962,154.84,12.788,0.67298,155.41,12.763,0.67356,0.67205
11,3,1050,154.86,12.731,0.66974,154.8,12.793,0.67235,155.55,12.782,0.67442,0.67217
11,3,1060,155.06,12.736,0.67027,154.77,12.793,0.67154,155.59,12.801,0.67491,0.67224
11,3,1070,155.21,12.745,0.67099,154.76,12.787,0.67081,155.54,12.814,0.67487,0.67222
11,3,1080,155.3,12.754,0.67164,154.78,12.779,0.6704,155.45,12.819,0.67438,0.67214
11,3,1090,155.31,12.763,0.67204,154.84,12.774,0.67039,155.36,12.817,0.67371,0.67205
11,3,1100,155.27,12.768,0.67208,154.89,12.772,0.67063,155.31,12.81,0.67314,0.67195
11,3,1110,155.23,12.769,0.67184,154.91,12.772,0.67086,155.3,12.804,0.67283,0.67185
11,3,1120,155.23,12.768,0.67157,154.91,12.773,0.67091,155.32,12.801,0.67284,0.67177
11,3,1130,155.3,12.768,0.67151,154.91,12.774,0.67077,155.36,12.803,0.67305,0.67178
11,3,1140,155.41,12.771,0.67176,154.93,12.775,0.67051,155.38,12.809,0.67327,0.67185
11,3,1150,155.52,12.778,0.67222,154.97,12.774,0.67028,155.37,12.816,0.67331,0.67194
11,3,1160,155.6,12.787,0.67272,155.01,12.772,0.67014,155.33,12.82,0.67312,0.672
11,3,1170,155.63,12.795,0.67315,155.06,12.77,0.67014,155.25,12.819,0.67275,0.67202
11,3,1180,155.6,12.801,0.67346,155.1,12.767,0.67027,155.14,12.814,0.67224,0.67199
11,3,1190,155.5,12.804,0.67361,155.11,12.763,0.67047,154.99,12.804,0.6716,0.67189
11,3,1200,155.35,12.803,0.67355,155.11,12.758,0.67074,154.82,12.789,0.67085,0.67171
11,3,1210,155.17,12.798,0.6733,155.12,12.753,0.67109,154.68,12.77,0.6701,0.6715
11,3,1220,155.01,12.793,0.67292,155.14,12.751,0.67156,154.6,12.752,0.66958,0.67136
11,3,1230,154.91,12.788,0.67256,155.18,12.753,0.67208,154.59,12.74,0.66943,0.67136
11,3,1240,154.86,12.784,0.67228,155.21,12.757,0.6725,154.62,12.734,0.6696,0.67146
11,3,1250,154.84,12.781,0.67216,155.21,12.762,0.67269,154.65,12.733,0.66991,0.67159
11,3,1260,154.84,12.78,0.67219,155.19,12.763,0.67266,154.64,12.733,0.67014,0.67166
11,3,1270,154.84,12.779,0.67234,155.17,12.761,0.67254,154.59,12.733,0.67015,0.67168
11,3,1280,154.8,12.779,0.67252,155.16,12.758,0.67251,154.51,12.73,0.66993,0.67166
11,3,1290,154.72,12.779,0.67259,155.16,12.754,0.67268,154.43,12.723,0.66955,0.67161
11,3,1300,154.6,12.776,0.67243,155.16,12.752,0.67299,154.37,12.714,0.66917,0.67153
11,3,1310,154.46,12.771,0.67203,155.15,12.753,0.67337,154.35,12.703,0.66893,0.67145
11,3,1320,154.36,12.763,0.67154,155.14,12.755,0.6737,154.37,12.696,0.66898,0.67141
11,3,1330,154.31,12.756,0.67112,155.12,12.759,0.6739,154.44,12.693,0.66925,0.67143
11,3,1340,154.3,12.751,0.67084,155.11,12.763,0.67397,154.52,12.694,0.66965,0.67149
11,3,1350,154.33,12.748,0.67067,155.11,12.768,0.67399,154.62,12.7,0.67008,0.67158
11,3,1360,154.38,12.747,0.67059,155.12,12.773,0.674,154.73,12.708,0.67055,0.67171
11,3,1370,154.44,12.748,0.67057,155.12,12.779,0.67397,154.84,12.717,0.67103,0.67186
11,3,1380,154.47,12.747,0.67052,155.09,12.783,0.67388,154.92,12.726,0.67146,0.67195
11,3,1390,154.47,12.745,0.67042,155.01,12.784,0.67365,154.95,12.733,0.67177,0.67195
11,3,1400,154.45,12.739,0.67027,154.91,12.781,0.6733,154.94,12.736,0.67194,0.67184
11,3,1410,154.42,12.733,0.67012,154.82,12.775,0.67295,154.92,12.737,0.67201,0.67169
11,3,1420,154.41,12.727,0.67001,154.76,12.77,0.67268,154.92,12.737,0.67207,0.67159
11,3,1430,154.42,12.723,0.66998,154.73,12.767,0.67255,154.95,12.738,0.6722,0.67158
11,3,1440,154.45,12.722,0.67001,154.73,12.767,0.6725,155,12.741,0.67239,0.67164
11,3,1450,154.49,12.722,0.67007,154.72,12.768,0.67243,155.03,12.746,0.67259,0.67169
11,3,1460,154.54,12.724,0.67017,154.73,12.769,0.67229,155.06,12.75,0.6727,0.67172
11,3,1470,154.59,12.727,0.67035,154.75,12.769,0.67214,155.07,12.754,0.67271,0.67173
11,3,1480,154.64,12.731,0.67057,154.79,12.769,0.67207,155.07,12.757,0.67262,0.67175
11,3,1490,154.67,12.736,0.6707,154.84,12.77,0.67214,155.07,12.758,0.67242,0.67175
11,3,1500,154.67,12.74,0.67069,154.89,12.773,0.67229,155.09,12.758,0.67226,0.67175
11,3,1510,154.67,12.742,0.67055,154.93,12.777,0.67246,155.13,12.758,0.67221,0.67174
11,3,1520,154.68,12.743,0.67039,154.95,12.781,0.67257,155.18,12.76,0.6723,0.67175
11,3,1530,154.7,12.743,0.67024,154.96,12.785,0.67256,155.23,12.762,0.67247,0.67176
11,3,1540,154.74,12.743,0.6702,154.96,12.787,0.67244,155.27,12.767,0.67266,0.67176
11,3,1550,154.81,12.745,0.6703,154.96,12.788,0.67224,155.3,12.771,0.6728,0.67178
11,3,1560,154.88,12.748,0.67053,154.98,12.788,0.67206,155.31,12.776,0.67287,0.67182
11,3,1570,154.94,12.753,0.67083,154.99,12.787,0.67193,155.29,12.78,0.67288,0.67188
11,3,1580,154.97,12.756,0.67107,154.97,12.784,0.67176,155.24,12.782,0.67282,0.67188
11,3,1590,154.98,12.758,0.67125,154.91,12.778,0.67149,155.14,12.781,0.67266,0.6718
11,3,1600,154.97,12.757,0.67141,154.85,12.769,0.67115,155.03,12.777,0.6724,0.67165
11,3,1610,154.97,12.756,0.67162,154.81,12.76,0.6709,154.93,12.772,0.6721,0.67154
11,3,1620,155,12.757,0.67179,154.81,12.754,0.67098,154.92,12.769,0.67204,0.6716
11,3,1630,155.15,12.76,0.6719,154.78,12.755,0.67115,155.05,12.775,0.67281,0.67195
11,3,1640,155.53,12.765,0.6726,154.66,12.755,0.67059,155.19,12.798,0.67473,0.67265
11,3,1650,156.22,12.783,0.6752,154.51,12.742,0.66866,155.09,12.837,0.67697,0.67362
11,3,1660,157.02,12.828,0.68057,154.56,12.706,0.66605,154.45,12.874,0.67749,0.67473
11,3,1670,157.47,12.904,0.68793,155.02,12.65,0.665,153.18,12.873,0.67425,0.67578
11,3,1680,157.03,12.995,0.69463,155.9,12.6,0.66823,151.54,12.801,0.6666,0.67659
11,3,1690,155.33,13.057,0.69723,156.86,12.586,0.67684,150.07,12.648,0.65646,0.67702
11,3,1700,152.44,13.039,0.69311,157.26,12.624,0.68895,149.3,12.437,0.64837,0.67707
11,3,1710,148.96,12.901,0.68176,156.42,12.693,0.7002,149.41,12.225,0.64757,0.67681
11,3,1720,145.81,12.643,0.66601,153.98,12.739,0.70579,149.97,12.077,0.6564,0.67634
11,3,1730,143.84,12.311,0.65226,150.15,12.697,0.7025,150.14,12.026,0.67187,0.67581
11,3,1740,143.28,11.989,0.64804,145.74,12.522,0.69004,149.06,12.05,0.68719,0.67532
11,3,1750,143.58,11.762,0.65684,141.9,12.215,0.67213,146.26,12.078,0.69551,0.67499
11,3,1760,143.64,11.67,0.67475,139.54,11.833,0.65661,141.92,12.023,0.69264,0.6748
11,3,1770,142.33,11.679,0.69302,138.82,11.467,0.65236,136.93,11.823,0.67811,0.67467
11,3,1780,139.06,11.698,0.7033,139.03,11.209,0.66299,132.49,11.473,0.65616,0.67442
11,3,1790,134.02,11.625,0.70089,138.92,11.094,0.68343,129.55,11.028,0.63581,0.67385
11,3,1800,128.05,11.392,0.685,137.38,11.083,0.70399,128.3,10.584,0.62743,0.67279
12,4,0,0,0,1,0,0,1,0,0,1,NaN
12,4,10,0,0,1,0,0,1,0,0,1,0.8929
12,4,20,0,0,1,0,0,1,0,0,1,0.84118
12,4,30,0,0,1,0,0,1,0,0,1,0.82687
12,4,40,0,0,1,0,0,1,0,0,1,0.81719
12,4,50,0,0,1,0,0,1,0,0,1,0.80913
12,4,60,0,0,1,0,0,1,0,0,1,0.80156
12,4,70,0,0,1,0,0,1,0,0,1,0.79399
12,4,80,0,0,1,0,0,1,0,0,1,0.78625
12,4,90,0,0,1,0,0,1,0,0,1,0.7782
12,4,100,0,0,1,0,0,1,0,0,1,0.76966
12,4,110,0,0,1,0,0,1,0,0,1,0.76057
12,4,120,0,0,1,0,0,1,0,0,1,0.75098
12,4,130,0,0,1,0,0,1,0,0,1,0.74117
12,4,140,0,0,1,0,0,1,0,0,1,0.73167
12,4,150,0,0,1,0,0,1,0,0,1,0.72314
12,4,160,0,0,1,0,0,1,0,0,1,0.71625
12,4,170,115.26,9.7945,0.65262,129.88,10.268,0.78402,138,9.6316,0.68992,0.71141
12,4,180,124.3,9.7845,0.55315,134.41,11.935,0.78537,161.33,10.838,0.76392,0.70877
12,4,190,142.3,9.7798,0.52629,134.7,13.168,0.75034,181.64,12.663,0.81956,0.70862
12,4,200,166.02,10.206,0.58473,134.37,13.872,0.68254,196.35,14.724,0.84765,0.71064
12,4,210,190.64,11.301,0.67492,137.4,14.09,0.59476,204.38,16.638,0.85455,0.71361
12,4,220,212,12.947,0.74824,146.11,13.979,0.51828,205.94,18.128,0.84515,0.71612
12,4,230,227.27,14.805,0.79295,159.9,13.767,0.48638,202.43,19.032,0.82106,0.71716
12,4,240,235.03,16.527,0.81429,175.98,13.696,0.50777,196.22,19.304,0.78267,0.71631
12,4,250,235.27,17.85,0.81822,191.04,13.93,0.56397,190.15,19.011,0.73274,0.71351
12,4,260,229.3,18.625,0.8078,202.45,14.48,0.62725,186.73,18.32,0.68049,0.70906
12,4,270,219.56,18.816,0.78424,208.71,15.214,0.67807,187.13,17.473,0.64167,0.70349
12,4,280,209.2,18.493,0.7494,209.52,15.933,0.70889,190.8,16.738,0.63006,0.69761
12,4,290,201.34,17.82,0.70949,205.7,16.458,0.71921,195.82,16.322,0.64627,0.69234
12,4,300,197.93,17.028,0.67693,198.97,16.678,0.71091,199.95,16.291,0.67715,0.68851
12,4,310,198.95,16.36,0.66492,191.57,16.564,0.68738,201.44,16.544,0.70658,0.68648
12,4,320,202.51,15.994,0.67675,185.61,16.163,0.65509,199.39,16.875,0.72443,0.68599
12,4,330,206.02,15.968,0.70313,182.42,15.582,0.62464,193.87,17.078,0.72709,0.68626
12,4,340,207.19,16.177,0.7308,182.06,14.958,0.60788,185.75,17.007,0.71437,0.68631
12,4,350,204.67,16.436,0.75072,183.45,14.424,0.61155,176.49,16.603,0.68779,0.68536
12,4,360,198.18,16.565,0.75903,185,14.067,0.63327,167.78,15.895,0.65131,0.68295
12,4,370,188.42,16.442,0.75463,185.2,13.901,0.66365,161.05,14.985,0.61306,0.67908
12,4,380,176.91,16.024,0.73749,183.13,13.87,0.69226,157.04,14.025,0.58502,0.67409
12,4,390,165.63,15.347,0.70911,178.57,13.879,0.71181,155.5,13.182,0.57785,0.66874
12,4,400,156.55,14.512,0.67469,172.02,13.832,0.71895,155.41,12.591,0.59324,0.664
12,4,410,150.91,13.662,0.64451,164.53,13.665,0.71326,155.44,12.297,0.62188,0.66077
12,4,420,148.72,12.949,0.63,157.43,13.363,0.69697,154.5,12.238,0.65001,0.65943
12,4,430,148.78,12.478,0.6354,151.97,12.957,0.67539,152.1,12.283,0.66764,0.65964
12,4,440,149.39,12.27,0.6542,148.82,12.515,0.65676,148.4,12.299,0.67092,0.66066
12,4,450,149.1,12.254,0.6748,147.89,12.126,0.64909,144.12,12.195,0.66071,0.66159
12,4,460,147.13,12.309,0.68787,148.36,11.864,0.65538,140.31,11.948,0.64157,0.66184
12,4,470,143.53,12.316,0.68878,149.11,11.763,0.67169,137.96,11.601,0.62149,0.66115
12,4,480,139.15,12.207,0.67695,149.24,11.801,0.69015,137.6,11.246,0.61015,0.65981
12,4,490,135.23,11.975,0.65543,148.31,11.921,0.70368,139.07,10.989,0.61407,0.65849
12,4,500,133.02,11.67,0.63124,146.47,12.053,0.7084,141.71,10.912,0.63216,0.65798
12,4,510,133.16,11.38,0.61391,144.26,12.142,0.70369,144.61,11.033,0.65656,0.65881
12,4,520,135.48,11.196,0.61049,142.4,12.167,0.69163,147.01,11.303,0.67838,0.66092
12,4,530,139.13,11.172,0.62106,141.54,12.135,0.67641,148.51,11.633,0.6922,0.6638
12,4,540,143.03,11.309,0.63935,141.99,12.078,0.66325,149.12,11.939,0.69671,0.66677
12,4,550,146.3,11.557,0.65764,143.63,12.039,0.65631,149.17,12.163,0.69337,0.66928
12,4,560,148.46,11.841,0.67065,145.98,12.051,0.65687,149.11,12.289,0.6852,0.67099
12,4,570,149.49,12.095,0.67633,148.46,12.129,0.66314,149.42,12.333,0.67599,0.67184
12,4,580,149.73,12.274,0.67508,150.56,12.266,0.67164,150.37,12.337,0.66942,0.67205
12,4,590,149.75,12.369,0.66903,152.02,12.436,0.67894,152,12.349,0.66795,0.67199
12,4,600,150.1,12.4,0.66136,152.79,12.61,0.68274,154.09,12.411,0.67189,0.67204
12,4,610,151.16,12.402,0.65549,153.02,12.756,0.68207,156.26,12.539,0.67938,0.6724
12,4,620,152.97,12.416,0.65405,153.03,12.854,0.67739,158.1,12.722,0.68747,0.67309
12,4,630,155.3,12.474,0.65781,153.14,12.901,0.67032,159.31,12.928,0.69349,0.67401
12,4,640,157.72,12.587,0.66548,153.61,12.906,0.66317,159.78,13.117,0.69577,0.67494
12,4,650,159.72,12.743,0.67443,154.5,12.888,0.65823,159.6,13.253,0.69392,0.67566
12,4,660,160.96,12.912,0.68201,155.66,12.87,0.65681,159.01,13.318,0.68868,0.67595
12,4,670,161.34,13.059,0.68639,156.87,12.867,0.65888,158.32,13.312,0.68166,0.67574
12,4,680,160.98,13.157,0.68697,157.86,12.887,0.6632,157.81,13.254,0.67494,0.6751
12,4,690,160.22,13.195,0.68432,158.44,12.927,0.66799,157.66,13.176,0.67041,0.67427
12,4,700,159.42,13.181,0.67985,158.56,12.973,0.67159,157.84,13.11,0.66905,0.67351
12,4,710,158.89,13.133,0.67541,158.29,13.009,0.67292,158.17,13.075,0.6705,0.67295
12,4,720,158.75,13.078,0.67262,157.81,13.023,0.67192,158.43,13.074,0.67339,0.67264
12,4,730,158.93,13.037,0.67228,157.32,13.01,0.66933,158.46,13.095,0.67603,0.67255
12,4,740,159.27,13.022,0.67415,156.99,12.975,0.66641,158.17,13.119,0.67722,0.6726
12,4,750,159.5,13.033,0.67717,156.88,12.93,0.66435,157.61,13.127,0.67644,0.67267
12,4,760,159.46,13.056,0.68005,156.95,12.885,0.66384,156.87,13.106,0.67391,0.67263
12,4,770,159.04,13.075,0.68172,157.08,12.848,0.66497,156.09,13.055,0.67036,0.67238
12,4,780,158.3,13.077,0.68166,157.16,12.825,0.6673,155.41,12.981,0.66676,0.67194
12,4,790,157.34,13.054,0.67991,157.1,12.815,0.67008,154.94,12.898,0.66408,0.67138
12,4,800,156.34,13.006,0.67693,156.85,12.813,0.67256,154.69,12.819,0.66293,0.67083
12,4,810,155.47,12.939,0.67347,156.41,12.812,0.67408,154.62,12.758,0.66343,0.67034
12,4,820,154.85,12.866,0.67042,155.85,12.807,0.67435,154.67,12.721,0.66522,0.67001
12,4,830,154.54,12.801,0.66856,155.29,12.795,0.67351,154.73,12.708,0.66759,0.66989
12,4,840,154.49,12.754,0.66825,154.84,12.774,0.67203,154.72,12.712,0.66973,0.67
12,4,850,154.57,12.73,0.66927,154.55,12.749,0.67053,154.58,12.722,0.67095,0.67025
12,4,860,154.6,12.724,0.67091,154.42,12.721,0.66959,154.29,12.724,0.67087,0.67046
12,4,870,154.46,12.727,0.67226,154.42,12.698,0.66961,153.94,12.711,0.66965,0.67051
12,4,880,154.14,12.729,0.67265,154.47,12.684,0.67059,153.64,12.682,0.66794,0.6704
12,4,890,153.7,12.721,0.67185,154.51,12.681,0.67217,153.49,12.646,0.6666,0.67021
12,4,900,153.27,12.701,0.67012,154.47,12.689,0.67373,153.54,12.614,0.66629,0.67005
12,4,910,152.95,12.672,0.66806,154.33,12.702,0.67469,153.74,12.596,0.66714,0.66997
12,4,920,152.84,12.642,0.66633,154.13,12.714,0.67476,154.02,12.597,0.66886,0.66999
12,4,930,152.93,12.618,0.66549,153.94,12.721,0.67405,154.3,12.614,0.67089,0.67015
12,4,940,153.19,12.607,0.66565,153.81,12.723,0.6729,154.53,12.643,0.67265,0.67041
12,4,950,153.53,12.61,0.66661,153.78,12.722,0.67174,154.67,12.674,0.67377,0.67071
12,4,960,153.85,12.625,0.66791,153.85,12.719,0.67084,154.73,12.702,0.67413,0.67097
12,4,970,154.13,12.647,0.66919,153.99,12.717,0.67039,154.75,12.721,0.67389,0.67116
12,4,980,154.32,12.671,0.6702,154.19,12.719,0.6704,154.75,12.733,0.67328,0.67129
12,4,990,154.44,12.694,0.67083,154.41,12.726,0.6708,154.76,12.738,0.67256,0.6714
12,4,1000,154.49,12.712,0.67098,154.61,12.736,0.67145,154.81,12.738,0.67193,0.67145
12,4,1010,154.49,12.723,0.67066,154.76,12.749,0.6721,154.9,12.738,0.67158,0.67144
12,4,1020,154.49,12.728,0.67004,154.84,12.764,0.67256,155.05,12.74,0.67165,0.67142
12,4,1030,154.56,12.728,0.6694,154.87,12.777,0.67268,155.25,12.748,0.67221,0.67143
12,4,1040,154.71,12.728,0.66908,154.86,12.787,0.67239,155.45,12.763,0.67309,0.67152
12,4,1050,154.91,12.73,0.66923,154.83,12.793,0.67174,155.59,12.783,0.67396,0.67165
12,4,1060,155.12,12.736,0.66979,154.8,12.792,0.67093,155.63,12.802,0.67444,0.67172
12,4,1070,155.27,12.745,0.67052,154.79,12.786,0.67021,155.58,12.816,0.67438,0.67171
12,4,1080,155.36,12.755,0.67119,154.82,12.779,0.66981,155.49,12.82,0.67388,0.67163
12,4,1090,155.37,12.764,0.6716,154.88,12.773,0.66982,155.4,12.818,0.6732,0.67154
12,4,1100,155.33,12.77,0.67162,154.93,12.772,0.67007,155.35,12.812,0.67261,0.67143
12,4,1110,155.29,12.771,0.67138,154.95,12.772,0.67031,155.34,12.806,0.6723,0.67133
12,4,1120,155.29,12.77,0.67109,154.95,12.774,0.67036,155.36,12.802,0.6723,0.67125
12,4,1130,155.35,12.77,0.67103,154.95,12.775,0.67022,155.4,12.804,0.67251,0.67125
12,4,1140,155.46,12.773,0.67128,154.98,12.775,0.66996,155.42,12.81,0.67272,0.67132
12,4,1150,155.57,12.78,0.67174,155.01,12.774,0.66973,155.41,12.817,0.67276,0.67141
12,4,1160,155.65,12.788,0.67224,155.06,12.773,0.6696,155.37,12.821,0.67257,0.67147
12,4,1170,155.68,12.796,0.67267,155.11,12.77,0.66961,155.29,12.82,0.67219,0.67149
12,4,1180,155.65,12.803,0.67298,155.15,12.768,0.66975,155.18,12.815,0.67168,0.67147
12,4,1190,155.56,12.806,0.67312,155.17,12.764,0.66996,155.04,12.805,0.67104,0.67138
12,4,1200,155.4,12.805,0.67305,155.17,12.759,0.67024,154.87,12.79,0.67029,0.67119
12,4,1210,155.22,12.8,0.67279,155.18,12.754,0.67059,154.73,12.771,0.66955,0.67098
12,4,1220,155.06,12.795,0.67241,155.2,12.752,0.67106,154.65,12.754,0.66902,0.67083
12,4,1230,154.96,12.789,0.67203,155.24,12.754,0.67158,154.64,12.741,0.66887,0.67083
12,4,1240,154.91,12.786,0.67176,155.26,12.759,0.67199,154.67,12.735,0.66905,0.67093
12,4,1250,154.89,12.783,0.67163,155.26,12.763,0.67219,154.7,12.734,0.66936,0.67106
12,4,1260,154.89,12.782,0.67165,155.25,12.765,0.67216,154.69,12.734,0.66959,0.67114
12,4,1270,154.88,12.781,0.6718,155.23,12.763,0.67205,154.64,12.734,0.6696,0.67115
12,4,1280,154.85,12.781,0.67198,155.22,12.76,0.67203,154.57,12.731,0.66939,0.67114
12,4,1290,154.77,12.78,0.67204,155.22,12.757,0.6722,154.49,12.725,0.66903,0.67109
12,4,1300,154.65,12.777,0.67187,155.22,12.755,0.67251,154.43,12.715,0.66866,0.67102
12,4,1310,154.51,12.772,0.67146,155.21,12.755,0.67288,154.41,12.705,0.66845,0.67093
12,4,1320,154.41,12.764,0.67097,155.19,12.757,0.67319,154.44,12.698,0.66851,0.67089
12,4,1330,154.36,12.757,0.67056,155.17,12.761,0.67336,154.5,12.695,0.66879,0.67091
12,4,1340,154.35,12.751,0.67029,155.15,12.764,0.67342,154.57,12.696,0.66918,0.67096
12,4,1350,154.38,12.748,0.67014,155.15,12.769,0.67342,154.67,12.701,0.6696,0.67105
12,4,1360,154.43,12.748,0.67007,155.16,12.774,0.67343,154.78,12.709,0.67005,0.67118
12,4,1370,154.48,12.748,0.67005,155.16,12.779,0.67341,154.88,12.718,0.67052,0.67133
12,4,1380,154.51,12.748,0.67,155.12,12.783,0.67333,154.96,12.727,0.67094,0.67143
12,4,1390,154.51,12.745,0.66989,155.05,12.784,0.67311,154.99,12.734,0.67125,0.67142
12,4,1400,154.49,12.739,0.66973,154.95,12.781,0.67277,154.98,12.737,0.67143,0.67131
12,4,1410,154.46,12.733,0.66958,154.85,12.775,0.6724,154.96,12.737,0.67151,0.67117
12,4,1420,154.45,12.727,0.66947,154.79,12.77,0.67213,154.96,12.738,0.67158,0.67106
12,4,1430,154.46,12.723,0.66945,154.76,12.767,0.67198,154.99,12.739,0.67171,0.67105
12,4,1440,154.49,12.721,0.66949,154.75,12.767,0.67192,155.03,12.742,0.6719,0.6711
12,4,1450,154.53,12.722,0.66955,154.75,12.767,0.67184,155.07,12.746,0.67209,0.67116
12,4,1460,154.58,12.723,0.66967,154.75,12.768,0.6717,155.09,12.75,0.67219,0.67119
12,4,1470,154.63,12.726,0.66986,154.78,12.768,0.67156,155.09,12.754,0.67218,0.6712
12,4,1480,154.68,12.731,0.67008,154.82,12.768,0.67151,155.09,12.757,0.67208,0.67122
12,4,1490,154.7,12.736,0.6702,154.88,12.77,0.67158,155.1,12.758,0.67188,0.67122
12,4,1500,154.71,12.74,0.67018,154.93,12.772,0.67175,155.12,12.758,0.67172,0.67122
12,4,1510,154.71,12.742,0.67003,154.96,12.777,0.67193,155.17,12.758,0.67168,0.67122
12,4,1520,154.72,12.743,0.66986,154.98,12.781,0.67203,155.22,12.76,0.67178,0.67122
12,4,1530,154.74,12.743,0.66972,154.99,12.785,0.67202,155.27,12.763,0.67196,0.67123
12,4,1540,154.79,12.743,0.66968,154.99,12.787,0.67188,155.31,12.767,0.67215,0.67124
12,4,1550,154.86,12.745,0.66979,155,12.788,0.67167,155.34,12.772,0.6723,0.67125
12,4,1560,154.93,12.749,0.67004,155.02,12.788,0.67149,155.35,12.777,0.67236,0.6713
12,4,1570,155,12.754,0.67035,155.03,12.787,0.67136,155.33,12.781,0.67235,0.67136
12,4,1580,155.03,12.758,0.6706,155.02,12.784,0.67121,155.28,12.783,0.67228,0.67136
12,4,1590,155.03,12.759,0.67078,154.96,12.778,0.67095,155.19,12.782,0.67211,0.67128
12,4,1600,155.03,12.759,0.67093,154.9,12.77,0.67063,155.08,12.778,0.67185,0.67113
12,4,1610,155.03,12.758,0.67113,154.86,12.761,0.67038,154.98,12.773,0.67155,0.67102
12,4,1620,155.03,12.759,0.67136,154.86,12.754,0.67036,154.91,12.769,0.67129,0.671
12,4,1630,155.03,12.761,0.67153,154.88,12.751,0.67051,154.88,12.765,0.67111,0.67105
12,4,1640,155,12.762,0.67154,154.88,12.751,0.67073,154.87,12.763,0.67105,0.67111
12,4,1650,154.97,12.761,0.67143,154.86,12.751,0.67086,154.87,12.761,0.6711,0.67113
12,4,1660,154.95,12.758,0.67126,154.82,12.751,0.67085,154.88,12.76,0.67122,0.67111
12,4,1670,154.94,12.754,0.67114,154.76,12.749,0.6707,154.87,12.76,0.67139,0.67108
12,4,1680,154.95,12.751,0.67113,154.72,12.746,0.67052,154.88,12.761,0.67153,0.67106
12,4,1690,154.97,12.75,0.67115,154.73,12.746,0.67065,154.96,12.764,0.67172,0.67118
12,4,1700,155.03,12.749,0.67085,154.75,12.756,0.67135,155.23,12.773,0.67257,0.67159
12,4,1710,155.22,12.744,0.67013,154.61,12.774,0.67197,155.74,12.799,0.67509,0.6724
12,4,1720,155.73,12.734,0.66994,154.14,12.788,0.67093,156.24,12.853,0.67959,0.6735
12,4,1730,156.62,12.727,0.67216,153.37,12.768,0.66698,156.32,12.931,0.6848,0.67468
12,4,1740,157.73,12.745,0.67834,152.59,12.694,0.66055,155.52,13.006,0.68804,0.67573
12,4,1750,158.57,12.802,0.68809,152.22,12.568,0.65439,153.66,13.035,0.68649,0.67648
12,4,1760,158.49,12.891,0.69858,152.49,12.42,0.65264,150.99,12.972,0.67859,0.67682
12,4,1770,156.97,12.972,0.70574,153.23,12.3,0.65836,148.17,12.794,0.66533,0.67674
12,4,1780,153.93,12.987,0.70597,153.82,12.247,0.67093,146,12.521,0.65101,0.67629
12,4,1790,149.88,12.885,0.69762,153.48,12.265,0.68578,145.01,12.212,0.64239,0.67562
12,4,1800,145.81,12.648,0.68221,151.62,12.31,0.69676,145.09,11.951,0.64497,0.67495
13,5,0,0,0,1,0,0,1,0,0,1,NaN
13,5,10,0,0,1,0,0,1,0,0,1,0.89289
13,5,20,0,0,1,0,0,1,0,0,1,0.84117
13,5,30,0,0,1,0,0,1,0,0,1,0.82687
13,5,40,0,0,1,0,0,1,0,0,1,0.81721
13,5,50,0,0,1,0,0,1,0,0,1,0.80917
13,5,60,0,0,1,0,0,1,0,0,1,0.80162
13,5,70,0,0,1,0,0,1,0,0,1,0.79407
13,5,80,0,0,1,0,0,1,0,0,1,0.78635
13,5,90,0,0,1,0,0,1,0,0,1,0.77832
13,5,100,0,0,1,0,0,1,0,0,1,0.76981
13,5,110,0,0,1,0,0,1,0,0,1,0.76073
13,5,120,0,0,1,0,0,1,0,0,1,0.75116
13,5,130,0,0,1,0,0,1,0,0,1,0.74138
13,5,140,0,0,1,0,0,1,0,0,1,0.7319
13,5,150,0,0,1,0,0,1,0,0,1,0.72338
13,5,160,0,0,1,0,0,1,0,0,1,0.71649
13,5,170,115.25,9.7938,0.65317,129.8,10.261,0.78408,137.88,9.6286,0.69009,0.71165
13,5,180,124.29,9.7832,0.55381,134.32,11.928,0.78537,161.21,10.835,0.76408,0.709
13,5,190,142.29,9.7789,0.52707,134.6,13.159,0.75027,181.51,12.661,0.81969,0.70885
13,5,200,166,10.206,0.58551,134.27,13.861,0.68238,196.21,14.721,0.84775,0.71086
13,5,210,190.62,11.303,0.6756,137.32,14.079,0.59455,204.23,16.634,0.85463,0.71382
13,5,220,211.98,12.951,0.74878,146.06,13.967,0.51817,205.78,18.123,0.8452,0.71633
13,5,230,227.24,14.81,0.79337,159.89,13.756,0.48649,202.28,19.026,0.82108,0.71738
13,5,240,235,16.532,0.81463,175.98,13.687,0.50813,196.08,19.297,0.78266,0.71654
13,5,250,235.24,17.855,0.81852,191.06,13.925,0.56448,190.04,19.004,0.73272,0.71376
13,5,260,229.28,18.63,0.80808,202.47,14.478,0.6278,186.63,18.314,0.68048,0.70932
13,5,270,219.53,18.82,0.78452,208.74,15.214,0.67858,187.06,17.468,0.64171,0.70377
13,5,280,209.17,18.496,0.74969,209.55,15.934,0.70934,190.74,16.733,0.63018,0.6979
13,5,290,201.31,17.822,0.70979,205.72,16.46,0.71961,195.77,16.318,0.64644,0.69264
13,5,300,197.89,17.029,0.67725,198.98,16.68,0.71129,199.91,16.288,0.67735,0.68881
13,5,310,198.9,16.361,0.66523,191.57,16.565,0.68775,201.39,16.541,0.70677,0.68677
13,5,320,202.46,15.994,0.67704,185.61,16.163,0.65548,199.34,16.872,0.7246,0.68627
13,5,330,205.97,15.969,0.7034,182.42,15.581,0.62506,193.82,17.075,0.72725,0.68654
13,5,340,207.14,16.178,0.73105,182.06,14.958,0.60834,185.71,17.003,0.71452,0.68659
13,5,350,204.62,16.436,0.75095,183.45,14.424,0.61205,176.46,16.599,0.68795,0.68564
13,5,360,198.13,16.565,0.75924,185,14.068,0.63378,167.75,15.891,0.65149,0.68325
13,5,370,188.37,16.441,0.75483,185.21,13.903,0.66415,161.04,14.981,0.6133,0.67939
13,5,380,176.86,16.023,0.73769,183.13,13.873,0.69272,157.03,14.022,0.58533,0.67441
13,5,390,165.58,15.346,0.7093,178.57,13.882,0.71224,155.5,13.18,0.57824,0.66907
13,5,400,156.5,14.51,0.67488,172.01,13.835,0.71935,155.41,12.59,0.59367,0.66434
13,5,410,150.86,13.66,0.64469,164.5,13.668,0.71364,155.43,12.296,0.62231,0.66111
13,5,420,148.66,12.946,0.63017,157.4,13.365,0.69733,154.5,12.237,0.65044,0.65975
13,5,430,148.72,12.475,0.63556,151.92,12.957,0.67573,152.09,12.283,0.66806,0.65995
13,5,440,149.34,12.267,0.65437,148.77,12.515,0.65708,148.39,12.298,0.67133,0.66096
13,5,450,149.05,12.251,0.67499,147.84,12.125,0.64938,144.1,12.194,0.66113,0.6619
13,5,460,147.09,12.305,0.68808,148.31,11.863,0.65565,140.3,11.948,0.64202,0.66214
13,5,470,143.51,12.314,0.68901,149.06,11.762,0.67195,137.95,11.602,0.62196,0.66147
13,5,480,139.13,12.205,0.67722,149.2,11.801,0.6904,137.59,11.246,0.61063,0.66014
13,5,490,135.22,11.973,0.65573,148.28,11.921,0.70393,139.06,10.99,0.61453,0.65882
13,5,500,133,11.669,0.63157,146.44,12.052,0.70865,141.7,10.913,0.6326,0.65832
13,5,510,133.15,11.38,0.61425,144.23,12.142,0.70394,144.6,11.035,0.65697,0.65914
13,5,520,135.47,11.195,0.61084,142.37,12.167,0.69189,147,11.305,0.67876,0.66125
13,5,530,139.12,11.172,0.62141,141.51,12.135,0.67666,148.5,11.635,0.69255,0.66411
13,5,540,143.02,11.309,0.63969,141.96,12.078,0.6635,149.11,11.941,0.69706,0.66709
13,5,550,146.3,11.557,0.65797,143.6,12.039,0.65655,149.16,12.165,0.69372,0.66959
13,5,560,148.47,11.842,0.67099,145.95,12.051,0.65711,149.1,12.291,0.68556,0.6713
13,5,570,149.5,12.095,0.67668,148.43,12.129,0.66337,149.41,12.335,0.67635,0.67216
13,5,580,149.74,12.275,0.67546,150.55,12.266,0.67187,150.35,12.339,0.66977,0.67237
13,5,590,149.76,12.371,0.66943,152,12.436,0.67917,151.98,12.351,0.66829,0.67231
13,5,600,150.11,12.401,0.66177,152.77,12.609,0.68298,154.07,12.413,0.67219,0.67236
13,5,610,151.16,12.404,0.6559,153.01,12.755,0.68232,156.24,12.54,0.67965,0.67271
13,5,620,152.96,12.418,0.65445,153.02,12.854,0.67766,158.07,12.722,0.68772,0.6734
13,5,630,155.29,12.475,0.65819,153.13,12.9,0.6706,159.27,12.928,0.69372,0.6743
13,5,640,157.7,12.588,0.66584,153.6,12.905,0.66347,159.75,13.117,0.696,0.67524
13,5,650,159.7,12.744,0.67477,154.48,12.887,0.65853,159.57,13.253,0.69416,0.67595
13,5,660,160.95,12.913,0.68235,155.65,12.869,0.65712,158.98,13.318,0.68894,0.67625
13,5,670,161.32,13.06,0.68673,156.85,12.866,0.65918,158.28,13.311,0.68192,0.67604
13,5,680,160.96,13.158,0.68732,157.84,12.887,0.6635,157.78,13.254,0.6752,0.6754
13,5,690,160.2,13.196,0.68467,158.42,12.926,0.6683,157.62,13.175,0.67066,0.67458
13,5,700,159.4,13.181,0.68021,158.55,12.972,0.6719,157.79,13.109,0.66929,0.67381
13,5,710,158.86,13.133,0.67577,158.28,13.008,0.67324,158.12,13.073,0.67072,0.67325
13,5,720,158.71,13.078,0.67296,157.79,13.022,0.67226,158.38,13.072,0.6736,0.67294
13,5,730,158.89,13.037,0.6726,157.3,13.009,0.66968,158.41,13.093,0.67623,0.67285
13,5,740,159.22,13.022,0.67445,156.97,12.974,0.66678,158.13,13.116,0.67742,0.6729
13,5,750,159.46,13.032,0.67745,156.86,12.929,0.66473,157.57,13.124,0.67666,0.67297
13,5,760,159.41,13.055,0.68031,156.93,12.884,0.66423,156.83,13.104,0.67416,0.67292
13,5,770,159,13.074,0.68198,157.06,12.848,0.66535,156.06,13.053,0.67062,0.67268
13,5,780,158.25,13.076,0.68192,157.14,12.825,0.66767,155.38,12.979,0.66704,0.67224
13,5,790,157.3,13.053,0.68018,157.08,12.815,0.67045,154.91,12.896,0.66438,0.67169
13,5,800,156.3,13.004,0.6772,156.82,12.813,0.67293,154.66,12.818,0.66323,0.67114
13,5,810,155.43,12.938,0.67374,156.38,12.812,0.67444,154.6,12.757,0.66374,0.67066
13,5,820,154.81,12.865,0.67068,155.83,12.807,0.67471,154.64,12.72,0.66552,0.67031
13,5,830,154.5,12.8,0.66881,155.27,12.795,0.67387,154.7,12.707,0.66789,0.67019
13,5,840,154.45,12.752,0.66849,154.81,12.774,0.67238,154.7,12.711,0.67004,0.67031
13,5,850,154.52,12.728,0.66951,154.52,12.749,0.67087,154.55,12.721,0.67127,0.67055
13,5,860,154.55,12.722,0.67115,154.39,12.721,0.66992,154.27,12.723,0.6712,0.67076
13,5,870,154.42,12.725,0.67251,154.39,12.698,0.66992,153.92,12.71,0.66999,0.67081
13,5,880,154.11,12.727,0.67291,154.44,12.684,0.67089,153.62,12.681,0.66829,0.6707
13,5,890,153.68,12.72,0.67213,154.49,12.681,0.67246,153.48,12.645,0.66695,0.67052
13,5,900,153.25,12.7,0.67042,154.45,12.689,0.67403,153.52,12.614,0.66663,0.67036
13,5,910,152.93,12.672,0.66837,154.31,12.702,0.675,153.72,12.596,0.66746,0.67028
13,5,920,152.82,12.642,0.66664,154.12,12.714,0.67508,154,12.597,0.66917,0.6703
13,5,930,152.91,12.618,0.66578,153.92,12.722,0.67438,154.28,12.614,0.67119,0.67046
13,5,940,153.17,12.607,0.66594,153.8,12.724,0.67323,154.51,12.643,0.67296,0.67072
13,5,950,153.51,12.61,0.66689,153.77,12.723,0.67206,154.66,12.675,0.67408,0.67102
13,5,960,153.84,12.625,0.6682,153.83,12.72,0.67116,154.72,12.702,0.67445,0.67127
13,5,970,154.11,12.647,0.66948,153.98,12.718,0.6707,154.74,12.722,0.67422,0.67147
13,5,980,154.32,12.672,0.67051,154.18,12.72,0.6707,154.74,12.734,0.67361,0.67161
13,5,990,154.44,12.695,0.67117,154.4,12.727,0.6711,154.75,12.739,0.67289,0.67172
13,5,1000,154.49,12.713,0.67133,154.61,12.737,0.67174,154.8,12.74,0.67224,0.67177
13,5,1010,154.48,12.725,0.67102,154.76,12.75,0.6724,154.89,12.739,0.67187,0.67176
13,5,1020,154.49,12.73,0.67041,154.84,12.764,0.67288,155.03,12.741,0.67192,0.67174
13,5,1030,154.55,12.73,0.66976,154.87,12.778,0.67301,155.23,12.748,0.67246,0.67174
13,5,1040,154.69,12.73,0.66942,154.86,12.788,0.67273,155.43,12.763,0.67333,0.67183
13,5,1050,154.9,12.732,0.66956,154.83,12.793,0.67209,155.56,12.783,0.6742,0.67195
13,5,1060,155.1,12.738,0.6701,154.79,12.793,0.67128,155.61,12.802,0.67469,0.67203
13,5,1070,155.25,12.746,0.67083,154.78,12.787,0.67055,155.56,12.815,0.67464,0.67201
13,5,1080,155.34,12.756,0.6715,154.81,12.779,0.67015,155.47,12.82,0.67415,0.67193
13,5,1090,155.35,12.765,0.67191,154.87,12.774,0.67015,155.38,12.818,0.67346,0.67184
13,5,1100,155.31,12.77,0.67194,154.92,12.772,0.67039,155.33,12.811,0.67287,0.67174
13,5,1110,155.27,12.772,0.67171,154.94,12.772,0.67064,155.31,12.805,0.67256,0.67164
13,5,1120,155.27,12.771,0.67142,154.94,12.774,0.6707,155.33,12.802,0.67256,0.67156
13,5,1130,155.33,12.77,0.67135,154.94,12.775,0.67056,155.37,12.804,0.67277,0.67156
13,5,1140,155.43,12.773,0.67159,154.96,12.775,0.67031,155.39,12.809,0.67299,0.67163
13,5,1150,155.54,12.78,0.67204,155,12.774,0.67008,155.38,12.816,0.67303,0.67172
13,5,1160,155.62,12.788,0.67253,155.04,12.773,0.66994,155.34,12.819,0.67285,0.67177
13,5,1170,155.65,12.796,0.67296,155.09,12.77,0.66994,155.26,12.819,0.67248,0.67179
13,5,1180,155.62,12.802,0.67327,155.13,12.767,0.67007,155.15,12.814,0.67198,0.67177
13,5,1190,155.52,12.805,0.67342,155.14,12.763,0.67027,155,12.804,0.67134,0.67168
13,5,1200,155.37,12.804,0.67336,155.14,12.758,0.67054,154.83,12.789,0.67058,0.6715
13,5,1210,155.19,12.8,0.6731,155.15,12.753,0.6709,154.69,12.77,0.66984,0.67128
13,5,1220,155.03,12.794,0.67272,155.17,12.751,0.67137,154.61,12.752,0.66931,0.67114
13,5,1230,154.93,12.789,0.67235,155.21,12.753,0.67189,154.6,12.74,0.66916,0.67114
13,5,1240,154.87,12.785,0.67207,155.23,12.758,0.67231,154.64,12.733,0.66933,0.67124
13,5,1250,154.86,12.782,0.67194,155.23,12.762,0.6725,154.66,12.732,0.66965,0.67137
13,5,1260,154.86,12.781,0.67197,155.22,12.764,0.67248,154.65,12.733,0.66988,0.67144
13,5,1270,154.85,12.78,0.67212,155.2,12.762,0.67236,154.6,12.733,0.66989,0.67146
13,5,1280,154.81,12.78,0.67231,155.19,12.758,0.67234,154.53,12.73,0.66967,0.67144
13,5,1290,154.73,12.779,0.67237,155.19,12.755,0.67251,154.45,12.723,0.6693,0.6714
13,5,1300,154.61,12.777,0.6722,155.19,12.753,0.67283,154.39,12.713,0.66892,0.67132
13,5,1310,154.47,12.771,0.67179,155.18,12.754,0.6732,154.37,12.703,0.66869,0.67123
13,5,1320,154.37,12.763,0.67129,155.16,12.756,0.67352,154.39,12.696,0.66875,0.67119
13,5,1330,154.31,12.756,0.67087,155.14,12.76,0.67371,154.45,12.693,0.66904,0.67121
13,5,1340,154.31,12.75,0.67058,155.12,12.764,0.67377,154.53,12.694,0.66944,0.67127
13,5,1350,154.34,12.747,0.67042,155.12,12.768,0.67377,154.63,12.699,0.66987,0.67136
13,5,1360,154.39,12.747,0.67035,155.13,12.773,0.67377,154.75,12.707,0.67034,0.67149
13,5,1370,154.45,12.747,0.67033,155.13,12.779,0.67375,154.85,12.717,0.67082,0.67163
13,5,1380,154.48,12.747,0.6703,155.1,12.783,0.67365,154.93,12.726,0.67125,0.67173
13,5,1390,154.48,12.744,0.6702,155.02,12.783,0.67342,154.96,12.733,0.67156,0.67173
13,5,1400,154.46,12.739,0.67005,154.92,12.78,0.67308,154.95,12.736,0.67172,0.67162
13,5,1410,154.43,12.733,0.6699,154.83,12.775,0.67272,154.93,12.737,0.6718,0.67147
13,5,1420,154.42,12.727,0.66979,154.77,12.77,0.67246,154.94,12.737,0.67186,0.67137
13,5,1430,154.43,12.723,0.66976,154.74,12.767,0.67232,154.96,12.738,0.67199,0.67136
13,5,1440,154.46,12.722,0.66979,154.73,12.767,0.67227,155.01,12.741,0.67219,0.67141
13,5,1450,154.5,12.722,0.66985,154.73,12.768,0.67218,155.05,12.746,0.67238,0.67147
13,5,1460,154.55,12.723,0.66996,154.74,12.768,0.67203,155.07,12.75,0.6725,0.6715
13,5,1470,154.61,12.726,0.67015,154.76,12.768,0.67188,155.08,12.754,0.6725,0.67151
13,5,1480,154.66,12.731,0.67038,154.8,12.769,0.67182,155.08,12.757,0.6724,0.67154
13,5,1490,154.69,12.736,0.67052,154.86,12.77,0.67189,155.08,12.758,0.6722,0.67154
13,5,1500,154.7,12.74,0.67051,154.91,12.773,0.67205,155.1,12.758,0.67203,0.67153
13,5,1510,154.7,12.743,0.67037,154.95,12.777,0.67223,155.15,12.759,0.67198,0.67153
13,5,1520,154.7,12.744,0.6702,154.97,12.781,0.67235,155.2,12.76,0.67206,0.67154
13,5,1530,154.73,12.744,0.67005,154.98,12.785,0.67234,155.25,12.763,0.67223,0.67154
13,5,1540,154.77,12.744,0.67,154.98,12.787,0.67221,155.29,12.767,0.67243,0.67155
13,5,1550,154.83,12.745,0.6701,154.98,12.788,0.67202,155.32,12.772,0.67257,0.67156
13,5,1560,154.9,12.749,0.67033,155,12.788,0.67184,155.32,12.777,0.67264,0.67161
13,5,1570,154.96,12.754,0.67063,155.01,12.787,0.6717,155.31,12.781,0.67265,0.67166
13,5,1580,155,12.757,0.67087,154.99,12.784,0.67154,155.25,12.782,0.67259,0.67167
13,5,1590,155,12.759,0.67105,154.93,12.778,0.67127,155.16,12.781,0.67242,0.67158
13,5,1600,154.99,12.758,0.67121,154.87,12.769,0.67093,155.05,12.778,0.67216,0.67143
13,5,1610,155,12.757,0.67143,154.83,12.76,0.67067,154.95,12.773,0.67186,0.67132
13,5,1620,155,12.758,0.67167,154.83,12.753,0.67064,154.88,12.768,0.67159,0.6713
13,5,1630,155,12.76,0.67184,154.85,12.75,0.6708,154.85,12.764,0.6714,0.67135
13,5,1640,154.97,12.762,0.67186,154.85,12.749,0.67103,154.84,12.762,0.67133,0.67141
13,5,1650,154.94,12.76,0.67174,154.83,12.75,0.67118,154.84,12.76,0.67137,0.67143
13,5,1660,154.91,12.757,0.67158,154.79,12.75,0.67118,154.84,12.759,0.67149,0.67142
13,5,1670,154.91,12.755,0.67159,154.79,12.749,0.67117,154.85,12.759,0.67159,0.67145
13,5,1680,154.89,12.757,0.67181,154.92,12.754,0.67176,154.94,12.759,0.67152,0.6717
13,5,1690,154.78,12.761,0.67156,155.15,12.774,0.67361,155.25,12.761,0.67169,0.67229
13,5,1700,154.57,12.757,0.66992,155.25,12.816,0.67644,155.9,12.77,0.67333,0.67324
13,5,1710,154.41,12.727,0.6668,154.87,12.868,0.67857,156.82,12.802,0.67784,0.67442
13,5,1720,154.56,12.667,0.66382,153.76,12.897,0.67752,157.65,12.869,0.68531,0.6756
13,5,1730,155.2,12.592,0.66391,151.99,12.864,0.67156,157.8,12.964,0.69377,0.67651
13,5,1740,156.18,12.537,0.66957,150.03,12.741,0.66114,156.74,13.056,0.69981,0.67701
13,5,1750,156.99,12.531,0.68067,148.52,12.534,0.64968,154.3,13.091,0.70006,0.67708
13,5,1760,156.91,12.578,0.69378,147.93,12.287,0.64281,150.8,13.02,0.69267,0.67678
13,5,1770,155.36,12.641,0.70386,148.18,12.068,0.64533,147.06,12.818,0.67842,0.67623
13,5,1780,152.19,12.656,0.70644,148.63,11.938,0.65758,144.07,12.506,0.66179,0.67557
13,5,1790,147.9,12.559,0.69938,148.36,11.909,0.67439,142.52,12.151,0.65034,0.67494
13,5,1800,143.51,12.324,0.68398,146.6,11.939,0.68813,142.33,11.846,0.65088,0.6745
