iso_code,continent,location,last_updated_date,total_cases,new_cases,new_cases_smoothed,total_deaths,new_deaths,new_deaths_smoothed,total_cases_per_million,new_cases_per_million,new_cases_smoothed_per_million,total_deaths_per_million,new_deaths_per_million,new_deaths_smoothed_per_million,reproduction_rate,icu_patients,icu_patients_per_million,hosp_patients,hosp_patients_per_million,weekly_icu_admissions,weekly_icu_admissions_per_million,weekly_hosp_admissions,weekly_hosp_admissions_per_million,new_tests,total_tests,total_tests_per_thousand,new_tests_per_thousand,new_tests_smoothed,new_tests_smoothed_per_thousand,positive_rate,tests_per_case,tests_units,total_vaccinations,people_vaccinated,people_fully_vaccinated,total_boosters,new_vaccinations,new_vaccinations_smoothed,total_vaccinations_per_hundred,people_vaccinated_per_hundred,people_fully_vaccinated_per_hundred,total_boosters_per_hundred,new_vaccinations_smoothed_per_million,new_people_vaccinated_smoothed,new_people_vaccinated_smoothed_per_hundred,stringency_index,population,population_density,median_age,aged_65_older,aged_70_older,gdp_per_capita,extreme_poverty,cardiovasc_death_rate,diabetes_prevalence,female_smokers,male_smokers,handwashing_facilities,hospital_beds_per_thousand,life_expectancy,human_development_index,excess_mortality_cumulative_absolute,excess_mortality_cumulative,excess_mortality,excess_mortality_cumulative_per_million
AFG,Asia,Afghanistan,2022-02-03,164727.0,537.0,531.857,7420.0,2.0,2.429,4135.188,13.48,13.351,186.266,0.05,0.061,1.93,,,,,,,,,,,,,,,,,,5152297.0,4577740.0,3912336.0,,6868.0,11157.0,12.93,11.49,9.82,,280.0,9481.0,0.024,19.44,39835428.0,54.422,18.6,2.581,1.337,1803.987,,597.029,9.59,,,37.746,0.5,64.83,0.511,,,,
OWID_AFR,,Africa,2022-02-03,10927321.0,31209.0,25535.714,240239.0,437.0,368.143,7955.9,22.722,18.592,174.912,0.318,0.268,,,,,,,,,,,,,,,,,,,357212861.0,221186279.0,149866575.0,2691706.0,266946.0,932745.0,26.01,16.1,10.91,0.2,679.0,467173.0,0.034,,1373486472.0,,,,,,,,,,,,,,,,,,
ALB,Europe,Albania,2022-02-03,261240.0,2697.0,1460.714,3362.0,16.0,6.429,90931.431,938.762,508.44,1170.232,5.569,2.238,1.12,,,,,,,,,7554.0,1570334.0,546.596,2.629,2416.0,0.841,0.605,1.7,tests performed,2612804.0,1250672.0,1156751.0,205381.0,,16639.0,90.95,43.53,40.26,7.15,5792.0,6816.0,0.237,61.11,2872934.0,104.871,38.0,13.188,8.643,11803.431,1.1,304.195,10.08,7.1,51.2,,2.89,78.57,0.795,,,,
DZA,Africa,Algeria,2022-02-03,255836.0,951.0,1448.286,6618.0,14.0,11.286,5734.096,21.315,32.461,148.33,0.314,0.253,1.02,40.0,0.897,,,,,,,,,,,,,,,,,,,,,,,,,,,,,,44616626.0,17.348,29.1,6.211,3.857,13913.839,0.5,278.364,6.73,0.7,30.4,83.741,1.9,76.88,0.748,,,,
AND,Europe,Andorra,2022-02-03,36470.0,155.0,206.0,147.0,1.0,0.286,471468.832,2003.775,2663.081,1900.354,12.928,3.694,0.92,,,,,,,,,,297098.0,3840.758,,270.0,3.49,0.952,1.1,people tested,140193.0,57709.0,53104.0,,,682.0,181.24,74.6,68.65,,8817.0,9.0,0.012,47.22,77354.0,163.755,,,,,,109.135,7.97,29.0,37.8,,,83.73,0.868,,,,
AGO,Africa,Angola,2022-02-03,98319.0,52.0,59.714,1896.0,1.0,0.429,2897.393,1.532,1.76,55.874,0.029,0.013,0.54,,,,,,,,,13038.0,1384080.0,40.788,0.384,2757.0,0.081,0.022,46.2,tests performed,14588435.0,9713546.0,4731866.0,,,131795.0,42.99,28.63,13.94,,3884.0,92281.0,0.272,64.81,33933611.0,23.89,16.8,2.405,1.362,5819.495,,276.045,3.94,,,26.664,,61.15,0.581,,,,
AIA,North America,Anguilla,2022-02-03,2384.0,23.0,16.286,8.0,0.0,0.143,157619.835,1520.661,1076.741,528.926,0.0,9.445,,,,,,,,,,,,,,,,,,,21612.0,10211.0,9351.0,2050.0,,31.0,142.89,67.51,61.82,13.55,2050.0,3.0,0.02,,15125.0,,,,,,,,,,,,,81.88,,,,,
ATG,North America,Antigua and Barbuda,2022-02-03,6732.0,105.0,41.429,127.0,0.0,0.0,68187.343,1063.528,419.623,1286.363,0.0,0.0,1.26,,,,,,,,,,,,,,,,,,123555.0,63197.0,60358.0,,,103.0,125.15,64.01,61.14,,1043.0,35.0,0.035,,98728.0,231.845,32.1,6.933,4.631,21490.943,,191.511,13.17,,,,3.8,77.02,0.778,,,,
ARG,South America,Argentina,2022-02-03,8515285.0,42437.0,43933.286,122152.0,318.0,257.143,186714.863,930.517,963.326,2678.43,6.973,5.638,0.78,2750.0,60.299,,,,,,,46527.0,32815997.0,719.557,1.02,58223.0,1.277,0.479,2.1,tests performed,88600891.0,39788166.0,34995196.0,13554259.0,311373.0,349849.0,194.28,87.24,76.73,29.72,7671.0,41950.0,0.092,34.26,45605823.0,16.177,31.9,11.198,7.441,18933.907,0.6,191.032,5.5,16.2,27.7,,5.0,76.67,0.845,,,,
ARM,Asia,Armenia,2022-02-03,379266.0,4388.0,3006.857,8065.0,5.0,4.286,127779.53,1478.373,1013.048,2717.201,1.685,1.444,2.06,,,,,,,,,4673.0,2754131.0,927.902,1.574,8313.0,2.801,0.362,2.8,tests performed,1894651.0,1045611.0,837694.0,5650.0,,9896.0,63.83,35.23,28.22,0.19,3334.0,6531.0,0.22,,2968128.0,102.931,35.7,11.232,7.571,8787.58,1.8,341.01,7.11,1.5,52.1,94.043,4.2,75.09,0.776,,,,
ABW,North America,Aruba,2022-02-03,33200.0,54.0,68.857,194.0,1.0,0.143,309715.938,503.755,642.354,1809.786,9.329,1.333,,,,,,,,,,,,,,,,,,,166692.0,86761.0,79931.0,,82.0,65.0,155.5,80.94,74.57,,606.0,36.0,0.034,37.96,107195.0,584.8,41.2,13.085,7.452,35973.781,,,11.62,,,,,76.29,,,,,
OWID_ASI,,Asia,2022-02-03,102374585.0,659279.0,661569.857,1303719.0,2281.0,1976.429,21882.182,140.918,141.408,278.665,0.488,0.422,,,,,,,,,,,,,,,,,,,6908753221.0,3312854027.0,2790723817.0,513406654.0,9826558.0,12797735.0,147.67,70.81,59.65,10.97,2735.0,2943499.0,0.063,,4678444992.0,,,,,,,,,,,,,,,,,,
AUS,Oceania,Australia,2022-02-03,2676939.0,32179.0,31379.143,4073.0,86.0,85.143,103804.734,1247.818,1216.802,157.94,3.335,3.302,0.86,313.0,12.137,4448.0,172.482,,,,,110188.0,61391571.0,2380.605,4.273,113093.0,4.385,0.278,3.6,tests performed,50653287.0,21763718.0,20258283.0,8631286.0,252746.0,230830.0,196.42,84.39,78.56,33.47,8951.0,31465.0,0.122,66.2,25788217.0,3.202,37.9,15.504,10.129,44648.71,0.5,107.791,5.07,13.0,16.5,,3.84,83.44,0.944,,,,
AUT,Europe,Austria,2022-02-03,1959017.0,38135.0,33050.857,14167.0,24.0,17.857,216631.804,4217.04,3654.826,1566.614,2.654,1.975,1.29,190.0,21.011,1771.0,195.841,,,,,1161196.0,145174272.0,16053.645,128.407,725933.0,80.275,0.046,22.0,tests performed,17709243.0,6755031.0,6770587.0,4525847.0,28346.0,30184.0,195.83,74.7,74.87,50.05,3338.0,2528.0,0.028,61.11,9043072.0,106.749,44.4,19.202,13.748,45436.686,0.7,145.183,6.35,28.4,30.9,,7.37,81.54,0.922,,,,
AZE,Asia,Azerbaijan,2022-02-03,676426.0,6113.0,4702.429,8797.0,18.0,19.0,66164.848,597.945,459.97,860.482,1.761,1.858,1.92,,,,,,,,,17272.0,6208402.0,607.277,1.689,12649.0,1.237,0.372,2.7,tests performed,12114431.0,5239838.0,4746927.0,2127666.0,38436.0,29835.0,118.5,51.25,46.43,20.81,2918.0,2467.0,0.024,43.52,10223344.0,119.309,32.4,6.018,3.871,15847.419,,559.812,7.11,0.3,42.5,83.241,4.7,73.0,0.756,,,,
BHS,North America,Bahamas,2022-02-03,32680.0,35.0,43.429,748.0,0.0,1.857,82335.216,88.18,109.416,1884.539,0.0,4.679,0.78,,,,,,,,,509.0,210442.0,530.195,1.282,442.0,1.114,0.119,8.4,tests performed,318916.0,160505.0,151520.0,18037.0,,434.0,80.35,40.44,38.17,4.54,1093.0,110.0,0.028,42.59,396914.0,39.497,34.3,8.996,5.2,27717.847,,235.954,13.17,3.1,20.4,,2.9,73.92,0.814,,,,
BHR,Asia,Bahrain,2022-02-03,398665.0,8063.0,7144.286,1410.0,1.0,1.143,228030.739,4611.922,4086.43,806.5,0.572,0.654,1.52,,,,,,,,,31088.0,8840015.0,5056.363,17.782,26852.0,15.359,0.266,3.8,units unclear,3364593.0,1225330.0,1195382.0,943881.0,2904.0,2541.0,192.45,70.09,68.37,53.99,1453.0,659.0,0.038,50.93,1748295.0,1935.907,32.4,2.372,1.387,43290.705,,151.689,16.52,5.8,37.6,,2.0,77.29,0.852,,,,
BGD,Asia,Bangladesh,2022-02-03,1835776.0,11596.0,12635.0,28494.0,33.0,29.429,11038.71,69.728,75.976,171.337,0.198,0.177,1.2,,,,,,,,,44843.0,12593619.0,75.727,0.27,43199.0,0.26,0.292,3.4,tests performed,156416604.0,95440321.0,59711538.0,1264745.0,1414487.0,935050.0,94.05,57.39,35.91,0.76,5623.0,588255.0,0.354,66.67,166303494.0,1265.036,27.5,5.098,3.262,3523.984,14.8,298.003,8.38,1.0,44.7,34.808,0.8,72.59,0.632,,,,
BRB,North America,Barbados,2022-02-03,46506.0,609.0,626.286,283.0,1.0,0.857,161643.055,2116.729,2176.81,983.636,3.476,2.979,1.24,,,,,,,,,,,,,,,,,,305374.0,158463.0,146911.0,,194.0,184.0,106.14,55.08,51.06,,640.0,94.0,0.033,64.81,287708.0,664.463,39.8,14.952,9.473,16978.068,,170.05,13.57,1.9,14.5,88.469,5.8,79.19,0.814,,,,
BLR,Europe,Belarus,2022-02-03,753495.0,4990.0,2773.857,6099.0,15.0,15.286,79795.151,528.441,293.752,645.884,1.589,1.619,1.21,,,,,,,,,50465.0,11823477.0,1252.107,5.344,35978.0,3.81,0.077,13.0,tests performed,10028295.0,5391526.0,4233740.0,,,44895.0,106.2,57.1,44.84,,4754.0,16661.0,0.176,23.15,9442867.0,46.858,40.3,14.799,9.788,17167.967,,443.129,5.18,10.5,46.1,,11.0,74.79,0.823,,,,
BEL,Europe,Belgium,2022-02-03,3267656.0,38027.0,37133.143,29185.0,53.0,35.286,280911.466,3269.077,3192.235,2508.955,4.556,3.033,1.26,431.0,37.052,4239.0,364.415,,,2553.0,219.474,92896.0,30530212.0,2624.599,7.986,94334.0,8.11,0.427,2.3,tests performed,23960705.0,9158644.0,8884962.0,6343543.0,17651.0,29987.0,205.98,78.73,76.38,54.53,2578.0,5108.0,0.044,56.48,11632334.0,375.564,41.8,18.571,12.849,42658.576,0.2,114.898,4.29,25.1,31.4,,5.64,81.63,0.931,,,,
BLZ,North America,Belize,2022-02-03,53198.0,423.0,486.286,629.0,0.0,0.714,131380.66,1044.664,1200.958,1553.412,0.0,1.764,1.19,,,,,,,,,,450406.0,1112.347,,2638.0,6.515,0.266,3.8,tests performed,445691.0,232515.0,203237.0,,,785.0,110.07,57.42,50.19,,1939.0,70.0,0.017,,404915.0,16.426,25.0,3.853,2.279,7824.362,,176.957,17.11,,,90.083,1.3,74.62,0.716,,,,
BEN,Africa,Benin,2022-02-03,26498.0,0.0,6.857,163.0,0.0,0.0,2128.177,0.0,0.551,13.091,0.0,0.0,0.48,,,,,,,,,,,,,,,,,,,,,,,,,,,,,,,,12451031.0,99.11,18.8,3.244,1.942,2064.236,49.6,235.848,0.99,0.6,12.3,11.035,0.5,61.77,0.545,,,,
BMU,North America,Bermuda,2022-02-03,10921.0,128.0,52.714,118.0,1.0,0.286,175884.172,2061.457,848.971,1900.406,16.105,4.601,,,,,,,,,,,,,,,,,,,120535.0,46695.0,45863.0,27977.0,,546.0,194.12,75.2,73.86,45.06,8793.0,11.0,0.018,44.44,62092.0,1308.82,,,,50669.315,,139.547,13.0,,,,,82.59,,,,,
BTN,Asia,Bhutan,2022-02-03,5532.0,139.0,186.714,4.0,0.0,0.143,7093.217,178.228,239.408,5.129,0.0,0.183,1.63,,,,,,,,,7213.0,1476108.0,1892.689,9.249,10722.0,13.748,0.017,57.4,samples tested,1435774.0,593980.0,570751.0,,,5024.0,184.1,76.16,73.18,,6442.0,35.0,0.004,78.7,779900.0,21.188,28.6,4.885,2.977,8708.597,1.5,217.066,9.75,,,79.807,1.7,71.78,0.654,,,,
BOL,South America,Bolivia,2022-02-03,867071.0,3396.0,3616.286,21073.0,28.0,35.571,73276.066,286.996,305.612,1780.877,2.366,3.006,1.02,143.0,12.085,1258.0,106.313,,,,,16146.0,3658461.0,309.176,1.364,14435.0,1.22,0.282,3.5,tests performed,11932309.0,6745618.0,5289506.0,892146.0,36542.0,39078.0,100.84,57.01,44.7,7.54,3302.0,11544.0,0.098,26.85,11832936.0,10.202,25.4,6.704,4.393,6885.829,7.1,204.299,6.89,,,25.383,1.1,71.51,0.718,,,,
BES,North America,Bonaire Sint Eustatius and Saba,2022-02-03,7123.0,20.0,42.0,29.0,1.0,0.286,269351.484,756.287,1588.202,1096.616,37.814,10.804,,,,,,,,,,,,,,,,,,,,,,,,,,,,,,,,,26445.0,,,,,,,,,,,,,77.79,,,,,
BIH,Europe,Bosnia and Herzegovina,2022-02-03,353137.0,1918.0,1603.429,14603.0,48.0,51.429,108209.418,587.72,491.328,4474.7,14.708,15.759,1.15,,,,,,,,,,,,,,,,,,1924950.0,943394.0,846080.0,135476.0,,4315.0,58.98,28.91,25.93,4.15,1322.0,954.0,0.029,35.19,3263459.0,68.496,42.5,16.569,10.711,11713.895,0.2,329.635,10.08,30.2,47.7,97.164,3.5,77.4,0.78,,,,
BWA,Africa,Botswana,2022-02-03,256041.0,3005.0,756.429,2585.0,4.0,0.714,106806.578,1253.525,315.541,1078.323,1.669,0.298,1.19,,,,,,,,,,2108285.0,879.463,,2025.0,0.845,0.374,2.7,tests performed,,,,,,,,,,,,,,21.3,2397240.0,4.044,25.8,3.941,2.242,15807.374,,237.372,4.81,5.7,34.4,,1.8,69.59,0.735,,,,
BRA,South America,Brazil,2022-02-03,26107894.0,287149.0,188299.857,630301.0,1000.0,701.571,122003.244,1341.859,879.933,2945.422,4.673,3.278,1.38,,,,,,,,,,67204366.0,314.049,,74770.0,0.349,,,tests performed,366488450.0,171219037.0,150497414.0,49796615.0,1374578.0,1099789.0,171.26,80.01,70.33,23.27,5139.0,279705.0,0.131,53.24,213993441.0,25.04,33.5,8.552,5.06,14103.452,3.4,177.961,8.11,10.1,17.9,,2.2,75.88,0.765,,,,
VGB,North America,British Virgin Islands,2022-02-03,5928.0,53.0,17.0,51.0,2.0,0.286,194852.579,1742.103,558.788,1676.363,65.74,9.391,,,,,,,,,,,,,,,,,,,36330.0,18753.0,17215.0,,,6.0,119.42,61.64,56.59,,197.0,4.0,0.013,,30423.0,207.973,,,,,,,13.67,,,,,79.07,,,,,
BRN,Asia,Brunei,2022-02-03,16691.0,215.0,73.143,98.0,0.0,0.0,37802.47,486.941,165.657,221.954,0.0,0.0,1.39,,,,,,,,,,,,,,,,,,979285.0,407042.0,403385.0,,,2022.0,221.79,92.19,91.36,,4580.0,39.0,0.009,57.41,441532.0,81.347,32.4,4.591,2.382,71809.251,,201.285,12.79,2.0,30.9,,2.7,75.86,0.838,,,,
BGR,Europe,Bulgaria,2022-02-03,980402.0,8142.0,8133.714,33588.0,96.0,81.571,142156.161,1180.572,1179.371,4870.187,13.92,11.828,1.14,513.0,74.384,5684.0,824.168,,,,,37005.0,8595169.0,1246.281,5.366,33655.0,4.88,0.242,4.1,tests performed,4192273.0,,2006975.0,625769.0,10065.0,7558.0,60.79,,29.1,9.07,1096.0,,,50.0,6896655.0,65.18,44.7,20.801,13.272,18563.307,1.5,424.688,5.81,30.1,44.4,,7.454,75.05,0.816,,,,
BFA,Africa,Burkina Faso,2022-02-03,20664.0,15.0,10.429,372.0,1.0,0.857,961.246,0.698,0.485,17.305,0.047,0.04,0.38,,,,,,,,,506.0,309986.0,14.42,0.024,278.0,0.013,0.038,26.7,tests performed,,,,,,,,,,,,,,2.78,21497097.0,70.151,17.6,2.409,1.358,1703.102,43.7,269.048,2.42,1.6,23.9,11.877,0.4,61.58,0.452,,,,
BDI,Africa,Burundi,2022-02-03,37562.0,93.0,42.429,38.0,0.0,0.0,3064.927,7.588,3.462,3.101,0.0,0.0,0.63,,,,,,,,,3078.0,1360036.0,110.974,0.251,2835.0,0.231,0.015,66.8,tests performed,,,,,,,,,,,,,,8.33,12255429.0,423.062,17.5,2.562,1.504,702.225,71.7,293.068,6.05,,,6.144,0.8,61.58,0.433,,,,
KHM,Asia,Cambodia,2022-02-03,121484.0,46.0,47.714,3015.0,0.0,0.0,7168.701,2.714,2.816,177.913,0.0,0.0,1.33,,,,,,,,,,,,,,,,,,33223247.0,14356864.0,13765926.0,6153608.0,38137.0,46879.0,196.05,84.72,81.23,36.31,2766.0,1651.0,0.01,,16946446.0,90.672,25.6,4.412,2.385,3645.07,,270.892,4.0,2.0,33.7,66.229,0.8,69.82,0.594,,,,
CMR,Africa,Cameroon,2022-02-03,116718.0,2605.0,372.143,1880.0,13.0,1.857,4287.279,95.687,13.67,69.056,0.478,0.068,0.49,,,,,,,,,,,,,,,,,,,,,,,,,,,,,,,30.56,27224262.0,50.885,18.8,3.165,1.919,3364.926,23.8,244.661,7.2,,,2.735,1.3,59.29,0.563,,,,
CAN,North America,Canada,2022-02-03,3095641.0,14025.0,13987.571,34378.0,171.0,144.286,81318.905,368.421,367.437,903.07,4.492,3.79,0.79,1118.0,29.369,9426.0,247.61,,,,,84728.0,56795249.0,1491.945,2.226,79645.0,2.092,0.176,5.7,tests performed,78583367.0,32375515.0,30263587.0,15944265.0,181399.0,210373.0,206.43,85.05,79.5,41.88,5526.0,14865.0,0.039,78.24,38067913.0,4.037,41.4,16.984,10.797,44017.591,0.5,105.599,7.37,12.0,16.6,,2.5,82.43,0.929,,,,
CPV,Africa,Cape Verde,2022-02-03,55754.0,15.0,22.714,396.0,0.0,0.429,99223.885,26.695,40.424,704.75,0.0,0.763,0.36,,,,,,,,,427.0,,,0.76,,,,,tests performed,,,,,,,,,,,,,,55.56,561901.0,135.58,25.7,4.46,3.437,6222.554,,182.219,2.42,2.1,16.5,,2.1,72.98,0.665,,,,
CYM,North America,Cayman Islands,2022-02-03,15934.0,2146.0,314.286,15.0,0.0,0.0,239616.229,32271.647,4726.243,225.571,0.0,0.0,,,,,,,,,,,,,,,,,,,137430.0,59308.0,57473.0,,,120.0,206.67,89.19,86.43,,1805.0,17.0,0.026,,66498.0,256.496,,,,49903.029,,,13.22,,,,,83.92,,,,,
CAF,Africa,Central African Republic,2022-02-03,14023.0,104.0,26.143,110.0,0.0,0.0,2850.211,21.138,5.314,22.358,0.0,0.0,0.6,,,,,,,,,,82526.0,16.774,,123.0,0.025,0.212,4.7,tests performed,652134.0,572911.0,549473.0,,,4817.0,13.25,11.64,11.17,,979.0,4246.0,0.086,24.07,4919987.0,7.479,18.3,3.655,2.251,661.24,,435.727,6.1,,,16.603,1.0,53.28,0.397,,,,
TCD,Africa,Chad,2022-02-03,7157.0,0.0,11.714,190.0,0.0,0.0,423.116,0.0,0.693,11.233,0.0,0.0,0.57,,,,,,,,,,198518.0,11.736,,266.0,0.016,0.043,23.3,tests performed,392157.0,254847.0,136143.0,,,1229.0,2.32,1.51,0.8,,73.0,0.0,0.0,35.19,16914985.0,11.833,16.7,2.486,1.446,1768.153,38.4,280.995,6.1,,,5.818,,54.24,0.398,,,,
CHL,South America,Chile,2022-02-03,2258005.0,36729.0,30304.429,39824.0,82.0,32.857,117528.756,1911.738,1577.34,2072.832,4.268,1.71,1.62,524.0,27.274,,,244.0,12.7,1736.0,90.358,137013.0,30040412.0,1563.598,7.132,121321.0,6.315,0.25,4.0,tests performed,46826149.0,17634898.0,16977242.0,12788118.0,44094.0,49438.0,243.73,91.79,88.37,66.56,2573.0,6886.0,0.036,35.65,19212362.0,24.282,35.4,11.087,6.938,22767.037,1.3,127.993,8.46,34.2,41.5,,2.11,80.18,0.851,39983.5,17.26,10.19,2081.134
CHN,Asia,China,2022-02-03,106270.0,29.0,56.429,4636.0,0.0,0.0,73.583,0.02,0.039,3.21,0.0,0.0,0.97,,,,,,,,,,,,,,,,,,3001624000.0,1266070000.0,1227387000.0,,731000.0,1734857.0,207.84,87.66,84.99,,1201.0,148000.0,0.01,69.91,1444216102.0,147.674,38.7,10.641,5.929,15308.712,0.7,261.899,9.74,1.9,48.4,,4.34,76.91,0.761,,,,
COL,South America,Colombia,2022-02-03,5930393.0,13568.0,16275.857,135043.0,262.0,250.143,115679.23,264.66,317.48,2634.171,5.111,4.879,0.78,,,,,,,,,52384.0,32270008.0,629.464,1.022,55406.0,1.081,0.362,2.8,tests performed,71927908.0,40348092.0,31668670.0,5715017.0,227734.0,225309.0,140.3,78.7,61.77,11.15,4395.0,69361.0,0.135,59.26,51265841.0,44.223,32.2,7.646,4.312,13254.949,4.5,124.24,7.44,4.7,13.5,65.386,1.71,77.29,0.767,,,,
COM,Africa,Comoros,2022-02-03,7870.0,37.0,6.571,160.0,0.0,0.143,8858.064,41.645,7.396,180.088,0.0,0.161,0.58,,,,,,,,,,,,,,,,,,598000.0,341102.0,256898.0,,,609.0,67.31,38.39,28.92,,685.0,211.0,0.024,,888456.0,437.352,20.4,2.963,1.726,1413.89,18.1,261.516,11.88,4.4,23.6,15.574,2.2,64.32,0.554,,,,
COG,Africa,Congo,2022-02-03,23705.0,0.0,7.429,371.0,0.0,0.0,4190.371,0.0,1.313,65.582,0.0,0.0,0.65,,,,,,,,,,,,,,,,,,,,,,,,,,,,,,,48.15,5657017.0,15.405,19.0,3.402,2.063,4881.406,37.0,344.094,7.2,1.7,52.3,47.964,,64.57,0.574,,,,
COK,Oceania,Cook Islands,2022-02-03,2.0,0.0,0.0,,,,113.817,0.0,0.0,,,,,,,,,,,,,,,,,,,,,,,,,,,,,,,,,,,,17572.0,,,,,,,,,,,,,76.25,,,,,
CRI,North America,Costa Rica,2022-02-03,715749.0,7189.0,5795.857,7621.0,16.0,14.286,139276.439,1398.896,1127.806,1482.958,3.113,2.78,1.54,,,,,,,,,7704.0,2515891.0,489.563,1.499,11521.0,2.242,0.42,2.4,people tested,8315360.0,4059598.0,3676687.0,579075.0,,13171.0,161.81,79.0,71.54,11.27,2563.0,4969.0,0.097,57.41,5139053.0,96.079,33.6,9.468,5.694,15524.995,1.3,137.973,8.78,6.4,17.4,83.841,1.13,80.28,0.81,,,,
CIV,Africa,Cote d'Ivoire,2022-02-03,80783.0,0.0,42.286,785.0,0.0,0.429,2986.032,0.0,1.563,29.016,0.0,0.016,0.53,,,,,,,,,1388.0,1354210.0,50.057,0.051,2295.0,0.085,0.032,31.0,tests performed,7591109.0,5208637.0,2382472.0,,,12121.0,28.06,19.25,8.81,,448.0,4662.0,0.017,15.74,27053629.0,76.399,18.7,2.933,1.582,3601.006,28.2,303.74,2.42,,,19.351,,57.78,0.538,,,,
HRV,Europe,Croatia,2022-02-03,963370.0,8815.0,7670.857,13989.0,42.0,52.0,236024.242,2159.662,1879.349,3427.285,10.29,12.74,1.08,,,2008.0,491.957,,,1641.0,402.152,18142.0,4285836.0,1050.024,4.445,15712.0,3.849,0.488,2.0,people tested,5114729.0,2296242.0,2208736.0,,7220.0,6193.0,125.31,56.26,54.11,,1517.0,666.0,0.016,37.96,4081657.0,73.726,44.0,19.724,13.053,22669.797,0.7,253.782,5.59,34.3,39.9,,5.54,78.49,0.851,,,,
CUB,North America,Cuba,2022-02-03,1049406.0,1546.0,2203.143,8420.0,5.0,5.286,92724.205,136.603,194.667,743.981,0.442,0.467,0.91,,,,,,,,,,,,,,,,,,34298831.0,10571945.0,9831581.0,5358553.0,19966.0,74743.0,303.06,93.41,86.87,47.35,6604.0,2433.0,0.021,,11317498.0,110.408,43.1,14.738,9.719,,,190.968,8.27,17.1,53.3,85.198,5.2,78.8,0.783,,,,
CUW,North America,Curacao,2022-02-03,37526.0,100.0,114.857,242.0,5.0,2.429,227711.838,606.811,696.966,1468.482,30.341,14.737,,,,,,,,,,,,,,,,,,,241070.0,106090.0,97684.0,37296.0,203.0,257.0,146.28,64.38,59.28,22.63,1560.0,24.0,0.015,,164796.0,362.644,41.7,16.367,10.068,,,,11.62,,,,,78.88,,,,,
CYP,Europe,Cyprus,2022-02-03,265945.0,3078.0,2798.714,736.0,0.0,1.714,296811.96,3435.249,3123.548,821.424,0.0,1.913,1.01,40.0,44.643,211.0,235.49,14.0,15.766,105.0,117.116,115470.0,23076080.0,25754.41,128.872,106721.0,119.108,0.026,38.1,tests performed,1729058.0,684088.0,635987.0,408983.0,2596.0,7036.0,192.97,76.35,70.98,45.65,7853.0,3652.0,0.408,48.15,896005.0,127.657,37.3,13.416,8.563,32415.132,,141.171,9.24,19.6,52.7,,3.4,80.98,0.887,,,,
CZE,Europe,Czechia,2022-02-03,3143912.0,43450.0,36440.714,37325.0,44.0,30.143,293150.866,4051.451,3397.877,3480.332,4.103,2.811,1.51,292.0,27.227,2998.0,279.545,154.0,14.36,1930.0,179.961,150326.0,49848567.0,4648.079,14.017,146321.0,13.644,0.251,4.0,tests performed,17133657.0,6930958.0,6797857.0,3813861.0,25466.0,25722.0,159.76,64.63,63.39,35.56,2398.0,1375.0,0.013,47.22,10724553.0,137.176,43.3,19.027,11.58,32605.906,,227.485,6.82,30.5,38.3,,6.63,79.38,0.9,,,,
COD,Africa,Democratic Republic of Congo,2022-02-03,85510.0,131.0,90.429,1278.0,0.0,0.0,925.653,1.418,0.979,13.834,0.0,0.0,0.89,,,,,,,,,,,,,,,,,,468253.0,372564.0,211035.0,,,8065.0,0.51,0.4,0.23,,87.0,6016.0,0.007,33.33,92377986.0,35.879,17.0,3.02,1.745,808.133,77.1,318.949,6.1,,,4.472,,60.68,0.48,,,,
DNK,Europe,Denmark,2022-02-03,1887161.0,44225.0,43515.714,3811.0,21.0,19.571,324628.069,7607.552,7485.542,655.565,3.612,3.367,1.17,27.0,4.645,1116.0,191.974,,,1973.0,339.394,78360.0,59859785.0,10297.037,13.479,143792.0,24.735,0.303,3.3,tests performed,13109518.0,4845467.0,4732213.0,3578851.0,6393.0,8609.0,225.51,83.35,81.4,61.56,1481.0,316.0,0.005,16.67,5813302.0,136.52,42.3,19.677,12.325,46682.515,0.2,114.767,6.41,19.3,18.8,,2.5,80.9,0.94,1165.9,1.01,0.74,200.557
DJI,Africa,Djibouti,2022-02-03,15492.0,17.0,11.571,189.0,0.0,0.0,15458.039,16.963,11.546,188.586,0.0,0.0,0.57,,,,,,,,,,,,,,,,,,150755.0,130425.0,90458.0,,,593.0,15.04,13.01,9.03,,592.0,586.0,0.058,49.07,1002197.0,41.285,25.4,4.213,2.38,2705.406,22.5,258.037,6.05,1.7,24.5,,1.4,67.11,0.524,,,,
DMA,North America,Dominica,2022-02-03,9502.0,115.0,94.857,51.0,0.0,0.0,131657.707,1593.416,1314.321,706.645,0.0,0.0,1.15,,,,,,,,,,,,,,,,,,60939.0,31829.0,29110.0,,,120.0,84.44,44.1,40.33,,1663.0,91.0,0.126,37.04,72172.0,98.567,,,,9673.367,,227.376,11.62,,,,3.8,75.0,0.742,,,,
DOM,North America,Dominican Republic,2022-02-03,558936.0,1017.0,1273.714,4315.0,2.0,2.857,51027.076,92.845,116.281,393.93,0.183,0.261,0.52,,,,,,,,,6187.0,2973479.0,271.459,0.565,6174.0,0.564,0.25,4.0,samples tested,14863885.0,7005519.0,5806741.0,2016535.0,51143.0,42083.0,135.7,63.96,53.01,18.41,3842.0,2488.0,0.023,37.96,10953714.0,222.873,27.6,6.981,4.419,14600.861,1.6,266.653,8.2,8.5,19.1,55.182,1.6,74.08,0.756,,,,
ECU,South America,Ecuador,2022-02-03,732038.0,40140.0,10570.429,34533.0,171.0,36.286,40922.328,2243.903,590.907,1930.461,9.559,2.028,1.36,,,,,,,,,12378.0,2346485.0,131.173,0.692,10503.0,0.587,0.464,2.2,people tested,30095861.0,14660555.0,13318623.0,2655334.0,67804.0,55682.0,168.24,81.96,74.45,14.84,3113.0,6386.0,0.036,60.65,17888474.0,66.939,28.1,7.104,4.458,10581.936,3.6,140.448,5.55,2.0,12.3,80.635,1.5,77.01,0.759,,,,
EGY,Africa,Egypt,2022-02-03,432761.0,2281.0,2186.857,22780.0,45.0,40.571,4150.853,21.878,20.975,218.496,0.432,0.389,1.3,,,,,,,,,,,,,,,,,,65052928.0,38312663.0,27165187.0,,,241932.0,62.4,36.75,26.06,,2321.0,80228.0,0.077,43.52,104258327.0,97.999,25.3,5.159,2.891,10550.206,1.3,525.432,17.31,0.2,50.1,89.827,1.6,71.99,0.707,,,,
SLV,North America,El Salvador,2022-02-03,135109.0,954.0,1156.714,3921.0,7.0,7.143,20727.008,146.353,177.451,601.519,1.074,1.096,0.68,,,,,,,,,4697.0,1264644.0,194.008,0.721,4688.0,0.719,0.184,5.4,tests performed,9978576.0,4533437.0,4206985.0,1238154.0,13099.0,8938.0,153.08,69.55,64.54,18.99,1371.0,1528.0,0.023,35.19,6518500.0,307.811,27.6,8.273,5.417,7292.458,2.2,167.295,8.87,2.5,18.8,90.65,1.3,73.32,0.673,,,,
GNQ,Africa,Equatorial Guinea,2022-02-03,15828.0,0.0,7.714,182.0,0.0,0.0,10916.683,0.0,5.321,125.527,0.0,0.0,0.6,,,,,,,,,501.0,278380.0,192.001,0.346,246.0,0.17,0.031,31.9,tests performed,,,,,,,,,,,,,,,1449891.0,45.194,22.4,2.846,1.752,22604.873,,202.812,7.78,,,24.64,2.1,58.74,0.592,,,,
ERI,Africa,Eritrea,2022-02-03,9601.0,21.0,23.571,99.0,0.0,0.286,2665.862,5.831,6.545,27.489,0.0,0.079,1.06,,,,,,,,,,,,,,,,,,,,,,,,,,,,,,,56.48,3601462.0,44.304,19.3,3.607,2.171,1510.459,,311.11,6.05,0.2,11.4,,0.7,66.32,0.459,,,,
EST,Europe,Estonia,2022-02-03,358087.0,6847.0,6343.143,2047.0,8.0,3.429,270216.0,5166.814,4786.598,1544.686,6.037,2.587,1.47,15.0,11.319,331.0,249.776,13.0,9.782,308.0,232.51,12322.0,2876493.0,2170.63,9.298,12471.0,9.411,0.502,2.0,tests performed,1504768.0,854854.0,830990.0,,421.0,380.0,113.55,64.51,62.71,,287.0,212.0,0.016,43.52,1325188.0,31.033,42.7,19.452,13.491,29481.252,0.5,255.569,4.02,24.5,39.3,,4.69,78.74,0.892,3225.3,9.9,-1.96,2433.843
SWZ,Africa,Eswatini,2022-02-03,68505.0,51.0,38.0,1376.0,0.0,0.429,58432.968,43.502,32.413,1173.692,0.0,0.366,0.7,,,,,,,,,,,,,,,,,,475718.0,374633.0,334851.0,,,1867.0,40.58,31.96,28.56,,1593.0,1222.0,0.104,60.19,1172369.0,79.492,21.5,3.163,1.845,7738.975,,333.436,3.94,1.7,16.5,24.097,2.1,60.19,0.611,,,,
ETH,Africa,Ethiopia,2022-02-03,466126.0,334.0,315.0,7353.0,7.0,7.143,3954.368,2.833,2.672,62.379,0.059,0.061,0.57,,,,,,,,,4840.0,4360900.0,36.996,0.041,6142.0,0.052,0.051,19.5,tests performed,10975180.0,9372107.0,1603073.0,,,337.0,9.31,7.95,1.36,,3.0,8.0,0.0,40.74,117876226.0,104.957,19.8,3.526,2.063,1729.927,26.7,182.634,7.47,0.4,8.5,7.96,0.3,66.6,0.485,,,,
OWID_EUR,,Europe,2022-02-03,133236792.0,1652160.0,1496218.286,1632538.0,3579.0,3090.0,177895.03,2205.93,1997.72,2179.731,4.779,4.126,,,,,,,,,,,,,,7661242.0,,,,,1208130269.0,503385230.0,475437629.0,257740633.0,1226676.0,2305143.0,161.31,67.21,63.48,34.41,3078.0,691249.0,0.092,,748962983.0,,,,,,,,,,,,,,,,,,
OWID_EUN,,European Union,2022-02-03,91492113.0,1270674.0,1178103.143,962948.0,2169.0,1855.429,204593.418,2841.464,2634.458,2153.331,4.85,4.149,,,,,,,,,,,,,,,,,,,827136720.0,333704402.0,319075014.0,200494108.0,997878.0,1709133.0,184.96,74.62,71.35,44.83,3822.0,517872.0,0.116,,447189915.0,,,,,,,,,,,,,,,,,,
FRO,Europe,Faeroe Islands,2022-02-03,21457.0,708.0,688.571,19.0,0.0,0.143,437424.826,14433.368,14037.295,387.336,0.0,2.912,,,,,,,,,,2092.0,754980.0,15391.108,42.648,2504.0,51.047,0.261,3.8,people tested,103479.0,41698.0,40862.0,20919.0,128.0,87.0,210.95,85.01,83.3,42.65,1774.0,3.0,0.006,32.41,49053.0,35.308,,,,,,,,,,,,80.67,,,,,
FLK,South America,Falkland Islands,2022-02-03,89.0,0.0,0.0,,,,25226.757,0.0,0.0,,,,,,,,,,,,,,,,,,,,,,,,,,,,,,,,,,,,3528.0,,,,,,,,,,,,,81.44,,,,,
FJI,Oceania,Fiji,2022-02-03,63147.0,292.0,134.857,809.0,0.0,2.571,69938.055,323.403,149.36,896.003,0.0,2.848,0.93,,,,,,,,,,492136.0,545.062,,303.0,0.336,0.68,1.5,tests performed,1279166.0,664978.0,614188.0,,,256.0,141.67,73.65,68.02,,284.0,88.0,0.01,,902899.0,49.562,28.6,6.224,3.284,8702.975,1.4,412.82,14.49,10.2,34.8,,2.3,67.44,0.743,,,,
FIN,Europe,Finland,2022-02-03,507940.0,6788.0,5325.0,2041.0,29.0,17.429,91547.756,1223.424,959.743,367.856,5.227,3.141,1.13,37.0,6.669,646.0,116.431,,,,,13969.0,9530885.0,1717.784,2.518,15640.0,2.819,0.345,2.9,tests performed,11063093.0,4393244.0,4138743.0,2531106.0,23714.0,39803.0,199.39,79.18,74.59,45.62,7174.0,14192.0,0.256,41.67,5548361.0,18.136,42.8,21.228,13.264,40585.721,,153.507,5.76,18.3,22.6,,3.28,81.91,0.938,,,,
FRA,Europe,France,2022-02-03,20199291.0,274352.0,289231.0,131919.0,264.0,262.429,299594.954,4069.176,4289.861,1956.617,3.916,3.892,1.09,3643.0,54.033,32852.0,487.259,2089.0,30.984,19484.0,288.986,1330794.0,234830173.0,3482.99,19.738,1026960.0,15.232,0.343,2.9,people tested,137201302.0,53811642.0,51597756.0,32865741.0,224077.0,226385.0,203.5,79.81,76.53,48.75,3358.0,11910.0,0.018,69.44,67422000.0,122.578,42.0,19.718,13.079,38605.671,,86.06,4.77,30.1,35.6,,5.98,82.66,0.901,,,,
PYF,Oceania,French Polynesia,2022-02-03,49521.0,790.0,211.0,636.0,0.0,0.0,175274.48,2796.124,746.813,2251.057,0.0,0.0,,,,,,,,,,,,,,,,,,,,,,,,,,,,,,,,,282534.0,77.324,32.7,7.775,4.593,,,,22.63,,,,,77.66,,,,,
GAB,Africa,Gabon,2022-02-03,47148.0,223.0,97.0,301.0,0.0,0.0,20689.573,97.857,42.566,132.085,0.0,0.0,0.95,,,,,,,,,,1541274.0,676.345,,1693.0,0.743,0.061,16.3,tests performed,519058.0,284889.0,234169.0,,,3277.0,22.78,12.5,10.28,,1438.0,1282.0,0.056,47.22,2278829.0,7.859,23.1,4.45,2.976,16562.413,3.4,259.967,7.2,,,,6.3,66.47,0.703,,,,
GMB,Africa,Gambia,2022-02-03,11863.0,0.0,41.571,364.0,0.0,2.429,4770.125,0.0,16.716,146.365,0.0,0.977,0.41,,,,,,,,,,139940.0,56.27,,289.0,0.116,0.144,7.0,tests performed,349875.0,317855.0,304688.0,,,2299.0,14.07,12.78,12.25,,924.0,2283.0,0.092,13.89,2486937.0,207.566,17.5,2.339,1.417,1561.767,10.1,331.43,1.91,0.7,31.2,7.876,1.1,62.05,0.496,,,,
GEO,Asia,Georgia,2022-02-03,1250108.0,23664.0,19991.429,15102.0,42.0,37.429,314115.403,5946.068,5023.259,3794.689,10.553,9.405,1.6,,,,,,,,,77584.0,12506994.0,3142.64,19.495,44180.0,11.101,0.452,2.2,tests performed,2742134.0,1516856.0,1225278.0,,5544.0,6700.0,68.9,38.11,30.79,,1684.0,5495.0,0.138,44.44,3979773.0,65.032,38.7,14.864,10.244,9745.079,4.2,496.218,7.11,5.3,55.5,,2.6,73.77,0.812,,,,
DEU,Europe,Germany,2022-02-03,10723644.0,248652.0,178005.857,118508.0,169.0,145.714,127813.871,2963.654,2121.631,1412.483,2.014,1.737,1.41,2264.0,26.984,,,1468.0,17.497,5005.0,59.654,,102009068.0,1215.834,,362625.0,4.322,0.406,2.5,tests performed,166138442.0,63122710.0,61762157.0,44852424.0,317391.0,269469.0,198.02,75.24,73.61,53.46,3212.0,24944.0,0.03,84.26,83900471.0,237.016,46.6,21.453,15.957,45229.245,,156.139,8.31,28.2,33.1,,8.0,81.33,0.947,,,,
GHA,Africa,Ghana,2022-02-03,157220.0,300.0,118.286,1404.0,9.0,2.857,4954.6,9.454,3.728,44.245,0.284,0.09,0.98,,,,,,,,,6253.0,2250718.0,70.929,0.197,4031.0,0.127,0.029,34.1,tests performed,,,,,,,,,,,,,,,31732128.0,126.719,21.1,3.385,1.948,4227.63,12.0,298.245,4.97,0.3,7.7,41.047,0.9,64.07,0.611,,,,
GIB,Europe,Gibraltar,2022-02-03,13394.0,151.0,136.143,101.0,0.0,0.143,397554.243,4481.909,4040.927,2997.833,0.0,4.24,,,,,,,,,,,,,,,,,,,111323.0,41379.0,40742.0,29202.0,101.0,80.0,330.42,122.82,120.93,86.68,2375.0,5.0,0.015,,33691.0,3457.1,,,,,,,,,,,,79.93,,,,,
GRC,Europe,Greece,2022-02-03,2002206.0,17662.0,19181.571,23833.0,112.0,107.143,193062.853,1703.06,1849.584,2298.099,10.8,10.331,0.98,,,,,200.0,19.312,2946.0,284.087,277070.0,58032400.0,5595.778,26.716,291760.0,28.133,0.066,15.2,samples tested,19283221.0,7779247.0,7327559.0,4893896.0,37335.0,44488.0,185.94,75.01,70.66,47.19,4290.0,7752.0,0.075,,10370747.0,83.479,45.3,20.396,14.524,24574.382,1.5,175.695,4.55,35.3,52.0,,4.21,82.24,0.888,,,,
GRL,North America,Greenland,2022-02-03,10925.0,104.0,80.857,6.0,0.0,0.143,192111.557,1828.797,1421.839,105.507,0.0,2.512,,,,,,,,,,,,,,,,,,,79562.0,41201.0,38361.0,,14.0,6.0,139.91,72.45,67.46,,106.0,4.0,0.007,30.56,56868.0,0.137,,,,,,199.941,2.16,,,,,71.7,,,,,
GRD,North America,Grenada,2022-02-03,12698.0,109.0,86.857,211.0,0.0,0.143,112356.767,964.474,768.545,1867.009,0.0,1.264,0.91,,,,,,,,,,,,,,,,,,84131.0,42467.0,36778.0,,,116.0,74.44,37.58,32.54,,1026.0,24.0,0.021,,113015.0,317.132,29.4,7.304,5.021,13593.877,,243.964,10.71,,,,3.7,72.4,0.779,,,,
GTM,North America,Guatemala,2022-02-03,702310.0,3925.0,3000.286,16446.0,25.0,18.429,38483.018,215.07,164.4,901.157,1.37,1.01,1.29,,,,,,,,,13173.0,3633506.0,199.098,0.722,11362.0,0.623,0.266,3.8,people tested,13582801.0,6958594.0,5324780.0,1299427.0,93327.0,57569.0,74.43,38.13,29.18,7.12,3154.0,12065.0,0.066,43.98,18249868.0,157.834,22.9,4.694,3.016,7423.808,8.7,155.898,10.18,,,76.665,0.6,74.3,0.663,,,,
GGY,Europe,Guernsey,2022-02-02,,,,,,,,,,,,,,,,,,,,,,,,,,,,,,,146261.0,,,,,65.0,230.75,,,,1025.0,,,,63385.0,,,,,,,,,,,,,,,,,,
GIN,Africa,Guinea,2022-02-03,36206.0,13.0,27.571,426.0,0.0,1.429,2682.475,0.963,2.043,31.562,0.0,0.106,0.89,,,,,,,,,,,,,,,,,,4757851.0,3531027.0,1875202.0,,8529.0,10538.0,35.25,26.16,13.89,,781.0,9690.0,0.072,62.96,13497237.0,51.755,19.0,3.135,1.733,1998.926,35.3,336.717,2.42,,,17.45,0.3,61.6,0.477,,,,
GNB,Africa,Guinea-Bissau,2022-02-03,7726.0,35.0,29.571,156.0,0.0,0.286,3833.311,17.366,14.672,77.401,0.0,0.142,1.21,,,,,,,,,,,,,,,,,,435952.0,406992.0,27098.0,,,1972.0,21.63,20.19,1.34,,978.0,1633.0,0.081,,2015490.0,66.191,19.4,3.002,1.565,1548.675,67.1,382.474,2.42,,,6.403,,58.32,0.48,,,,
GUY,South America,Guyana,2022-02-03,60676.0,291.0,296.0,1176.0,0.0,2.857,76773.091,368.201,374.528,1487.988,0.0,3.615,0.98,,,,,,,,,,442695.0,560.14,,2771.0,3.506,0.339,3.0,tests performed,775229.0,423439.0,312874.0,38916.0,,1640.0,98.09,53.58,39.59,4.92,2075.0,364.0,0.046,,790329.0,3.952,26.3,5.305,2.837,7435.047,,373.159,11.62,,,77.159,1.6,69.91,0.682,,,,
HTI,North America,Haiti,2022-02-03,29323.0,106.0,108.857,876.0,90.0,13.286,2540.617,9.184,9.432,75.899,7.798,1.151,0.92,,,,,,,,,,,,,,,,,,204902.0,129714.0,79410.0,,,251.0,1.78,1.12,0.69,,22.0,226.0,0.002,,11541683.0,398.448,24.3,4.8,2.954,1653.173,23.5,430.548,6.65,2.9,23.1,22.863,0.7,64.0,0.51,,,,
OWID_HIC,,High income,2022-02-03,205053193.0,1952872.0,1908506.143,2087078.0,5164.0,4856.857,168777.752,1607.394,1570.877,1717.858,4.25,3.998,,,,,,,,,,,,,,,,,,,2225356066.0,947691242.0,876736870.0,436693836.0,2891401.0,3689181.0,183.17,78.0,72.16,35.94,3037.0,356351.0,0.029,,1214930230.0,,,,,,,,,,,,,,,,,,
HND,North America,Honduras,2022-02-03,391874.0,0.0,0.0,10512.0,0.0,0.0,38942.088,0.0,0.0,1044.62,0.0,0.0,0.54,,,,,,,,,,,,,,,,,,10272600.0,5035861.0,4381943.0,855171.0,,50004.0,102.08,50.04,43.55,8.5,4969.0,130.0,0.001,41.67,10062994.0,82.805,24.9,4.652,2.883,4541.795,16.0,240.208,7.21,2.0,,84.169,0.7,75.27,0.634,,,,
HKG,Asia,Hong Kong,2022-02-03,14013.0,101.0,80.429,213.0,0.0,0.0,1855.338,13.373,10.649,28.201,0.0,0.0,,,,,,,,,,,33413705.0,4424.016,,124969.0,16.546,0.0,3571.4,tests performed,11151729.0,5369657.0,4812434.0,969638.0,25731.0,24327.0,147.65,71.09,63.72,12.84,3221.0,7719.0,0.102,,7552800.0,7039.714,44.8,16.303,10.158,56054.92,,,8.33,,,,,84.86,0.949,,,,
HUN,Europe,Hungary,2022-02-03,1600411.0,17894.0,15703.143,41636.0,88.0,69.286,166118.34,1857.349,1629.944,4321.704,9.134,7.192,1.37,,,3463.0,359.45,,,,,45836.0,9711075.0,1007.983,4.758,39135.0,4.062,0.401,2.5,tests performed,15927853.0,6369089.0,6111632.0,3712974.0,,23898.0,165.33,66.11,63.44,38.54,2481.0,2516.0,0.026,62.96,9634162.0,108.043,43.4,18.577,11.976,26777.561,0.5,278.296,7.55,26.8,34.8,,7.02,76.88,0.854,,,,
ISL,Europe,Iceland,2022-02-03,72136.0,1415.0,1278.286,47.0,0.0,0.143,195600.772,3836.851,3466.143,127.443,0.0,0.387,1.06,,,37.0,100.328,,,32.0,87.88,4885.0,1039741.0,2819.315,13.246,5174.0,14.03,,,tests performed,788853.0,308315.0,286246.0,243011.0,,2223.0,213.9,83.6,77.62,65.89,6028.0,127.0,0.034,37.96,368792.0,3.404,37.3,14.431,9.207,46482.958,0.2,117.992,5.31,14.3,15.2,,2.91,82.99,0.949,,,,
IND,Asia,India,2022-02-03,41952712.0,149394.0,190000.429,500055.0,1072.0,1104.0,30107.966,107.215,136.357,358.872,0.769,0.792,0.95,,,,,,,,,1752628.0,734192614.0,526.904,1.258,1718052.0,1.233,0.111,9.0,samples tested,1681517744.0,947341172.0,721020585.0,13155987.0,4487064.0,6057863.0,120.68,67.99,51.75,0.94,4348.0,1720903.0,0.124,,1393409033.0,450.419,28.2,5.989,3.414,6426.674,21.2,282.28,10.39,1.9,20.6,59.55,0.53,69.66,0.645,,,,
IDN,Asia,Indonesia,2022-02-03,4353370.0,10185.0,9152.143,144320.0,17.0,13.286,15752.431,36.854,33.117,522.214,0.062,0.048,2.36,,,,,,,,,258145.0,47876593.0,173.239,0.934,207101.0,0.749,0.027,37.2,people tested,312709071.0,184680997.0,,,145593.0,999583.0,113.15,66.83,,,3617.0,471925.0,0.171,66.2,276361788.0,145.725,29.3,5.319,3.053,11188.744,5.7,342.864,6.32,2.8,76.1,64.204,1.04,71.72,0.718,,,,
OWID_INT,,International,2022-02-03,721.0,0.0,0.0,15.0,0.0,0.0,,,,,,,,,,,,,,,,,,,,,,,,,,,,,,,,,,,,,,,,,,,,,,,,,,,,,,,,,
IRN,Asia,Iran,2022-02-03,6483799.0,37395.0,27157.714,132624.0,61.0,41.571,76254.187,439.792,319.394,1559.755,0.717,0.489,2.41,,,,,,,,,106310.0,45095250.0,530.353,1.25,96973.0,1.14,0.28,3.6,tests performed,134137258.0,60992230.0,54370250.0,18774778.0,790844.0,546425.0,157.76,71.73,63.94,22.08,6426.0,56949.0,0.067,,85028760.0,49.831,32.4,5.44,3.182,19082.62,0.2,270.308,9.59,0.8,21.1,,1.5,76.68,0.783,250188.4,30.7,-5.97,2942.397
IRQ,Asia,Iraq,2022-02-03,2233725.0,6949.0,7189.0,24455.0,25.0,17.857,54243.813,168.75,174.578,593.866,0.607,0.434,1.26,,,,,,,,,28509.0,17508647.0,425.18,0.692,26239.0,0.637,0.274,3.6,samples tested,15769592.0,9325542.0,6365752.0,,,41593.0,38.29,22.65,15.46,,1010.0,23478.0,0.057,68.52,41179351.0,88.125,20.0,3.186,1.957,15663.986,2.5,218.612,8.83,,,94.576,1.4,70.6,0.674,,,,
IRL,Europe,Ireland,2022-02-03,1199217.0,6061.0,4954.429,6228.0,92.0,13.143,240666.286,1216.359,994.285,1249.874,18.463,2.638,0.81,74.0,14.851,651.0,130.647,23.0,4.633,639.0,128.313,19953.0,10996220.0,2206.789,4.004,16955.0,3.403,0.292,3.4,tests performed,10389033.0,4022441.0,3891434.0,2713302.0,8768.0,8659.0,208.49,80.72,78.1,54.45,1738.0,1150.0,0.023,14.81,4982904.0,69.874,38.7,13.928,8.678,67335.293,0.2,126.459,3.28,23.0,25.7,,2.96,82.3,0.955,,,,
IMN,Europe,Isle of Man,2022-02-03,21810.0,65.0,74.0,73.0,2.0,0.429,255356.516,761.035,866.409,854.701,23.416,5.018,,,,,,,,,,,,,,,,,,,185660.0,69237.0,66240.0,50183.0,126.0,126.0,217.38,81.06,77.56,58.76,1475.0,14.0,0.016,,85410.0,147.872,,,,,,,,,,,,81.4,,,,,
ISR,Asia,Israel,2022-02-03,3095812.0,58677.0,62298.857,9013.0,86.0,65.286,333205.468,6315.467,6705.291,970.079,9.256,7.027,1.03,351.0,37.778,3240.0,348.725,229.0,24.648,3267.0,351.631,193857.0,46075163.0,4959.118,20.865,234681.0,25.259,0.266,3.8,tests performed,17898914.0,6692301.0,6101459.0,5105154.0,10077.0,9522.0,192.65,72.03,65.67,54.95,1025.0,441.0,0.005,56.48,9291000.0,402.606,30.6,11.733,7.359,33132.32,0.5,93.32,6.74,15.4,35.4,,2.99,82.97,0.919,,,,
ITA,Europe,Italy,2022-02-03,11348701.0,112956.0,115585.714,147734.0,414.0,367.857,187993.646,1871.14,1914.702,2447.245,6.858,6.094,0.9,1457.0,24.136,20781.0,344.242,757.0,12.54,9105.0,150.826,915337.0,173758572.0,2878.348,15.163,924872.0,15.321,0.125,8.0,tests performed,129525273.0,50301080.0,46301014.0,34428364.0,348759.0,426538.0,214.56,83.32,76.7,57.03,7066.0,36714.0,0.061,76.85,60367471.0,205.859,47.9,23.021,16.24,35220.084,2.0,113.151,4.78,19.8,27.8,,3.18,83.51,0.892,,,,
JAM,North America,Jamaica,2022-02-03,125250.0,283.0,398.143,2677.0,2.0,8.571,42122.617,95.175,133.899,900.297,0.673,2.883,0.8,,,,,,,,,2106.0,802621.0,269.928,0.708,2078.0,0.699,0.206,4.8,samples tested,1313305.0,748333.0,625287.0,22209.0,4121.0,2551.0,44.17,25.17,21.03,0.75,858.0,899.0,0.03,74.07,2973462.0,266.879,31.4,9.684,6.39,8193.571,,206.537,11.28,5.3,28.6,66.425,1.7,74.47,0.734,,,,
JPN,Asia,Japan,2022-02-03,3019169.0,104345.0,83725.0,19054.0,90.0,58.0,23952.003,827.801,664.216,151.161,0.714,0.46,1.15,1440.0,11.424,22653.0,179.713,,,,,118792.0,31928900.0,253.302,0.942,220210.0,1.747,0.326,3.1,people tested,207319162.0,101375787.0,99849807.0,6093568.0,568034.0,398736.0,164.47,80.42,79.21,4.83,3163.0,4406.0,0.003,47.22,126050796.0,347.778,48.2,27.049,18.493,39002.223,,79.37,5.72,11.2,33.7,,13.05,84.63,0.919,,,,
JEY,Europe,Jersey,2022-01-30,,,,,,,,,,,,,,,,,,,,,,,,,,,,,,,219845.0,82242.0,78223.0,59380.0,,135.0,217.51,81.37,77.39,58.75,1336.0,19.0,0.019,,101073.0,,,,,,,,,,,,,,,,,,
JOR,Asia,Jordan,2022-02-03,1280106.0,19123.0,13607.143,13271.0,23.0,18.429,124657.051,1862.203,1325.067,1292.333,2.24,1.795,1.51,,,,,,,,,68047.0,14888936.0,1449.888,6.626,50218.0,4.89,0.271,3.7,tests performed,9267426.0,4598992.0,4248768.0,,,15005.0,90.25,44.79,41.37,,1461.0,3857.0,0.038,34.26,10269022.0,109.285,23.2,3.81,2.361,8337.49,0.1,208.257,11.75,,,,1.4,74.53,0.729,,,,
KAZ,Asia,Kazakhstan,2022-02-03,1347183.0,6773.0,8060.0,18570.0,23.0,20.0,70923.189,356.568,424.323,977.628,1.211,1.053,1.16,,,,,,,,,,,,,,,,,,17998334.0,9213147.0,8785187.0,,19280.0,16478.0,94.75,48.5,46.25,,867.0,8110.0,0.043,76.85,18994958.0,6.681,30.6,6.991,4.625,24055.588,0.1,466.792,7.11,7.0,43.1,98.999,6.7,73.6,0.825,,,,
KEN,Africa,Kenya,2022-02-03,321764.0,93.0,120.857,5604.0,11.0,5.286,5851.776,1.691,2.198,101.917,0.2,0.096,0.45,,,,,,,,,6137.0,3233831.0,58.812,0.112,4699.0,0.085,0.026,38.9,tests performed,12885157.0,6821372.0,5894445.0,169340.0,232166.0,157289.0,23.43,12.41,10.72,0.31,2861.0,59239.0,0.108,,54985702.0,87.324,20.0,2.686,1.528,2993.028,36.8,218.637,2.92,1.2,20.4,24.651,1.4,66.7,0.601,,,,
KIR,Oceania,Kiribati,2022-02-03,913.0,146.0,104.571,,,,7521.337,1202.755,861.464,,,,,,,,,,,,,,,,,,,,,,,,,,,,,,,,,,,81.48,121388.0,143.701,23.2,3.895,2.21,1981.132,,434.657,22.66,35.9,58.9,,1.9,68.37,0.63,,,,
OWID_KOS,Europe,Kosovo,2022-02-03,212671.0,2110.0,2565.857,3032.0,5.0,3.429,119336.294,1183.986,1439.782,1701.349,2.806,1.924,1.82,,,,,,,,,9253.0,1678438.0,941.824,5.192,12376.0,6.945,0.228,4.4,tests performed,1783672.0,894653.0,806268.0,82751.0,2562.0,3411.0,100.09,50.2,45.24,4.64,1914.0,432.0,0.024,42.59,1782115.0,168.155,,,,9795.834,0.6,,,,,,,,,,,,
KWT,Asia,Kuwait,2022-02-03,564735.0,5990.0,6199.143,2503.0,2.0,1.857,130467.387,1383.834,1432.151,578.253,0.462,0.429,1.23,,,,,,,,,33081.0,7018332.0,1621.404,7.643,33127.0,7.653,0.187,5.3,tests performed,7345882.0,3368291.0,3258446.0,,,5646.0,169.71,77.82,75.28,,1304.0,780.0,0.018,,4328553.0,232.128,33.7,2.345,1.114,65530.537,,132.235,15.84,2.7,37.0,,2.0,75.49,0.806,,,,
KGZ,Asia,Kyrgyzstan,2022-02-03,199164.0,445.0,297.571,2896.0,7.0,4.857,30047.31,67.136,44.894,436.911,1.056,0.733,1.07,,,,,,,,,,,,,,,,,,2526701.0,1348404.0,1097327.0,,8763.0,8803.0,38.12,20.34,16.56,,1328.0,4153.0,0.063,47.22,6628347.0,32.333,26.3,4.489,2.882,3393.474,1.4,436.362,7.11,3.6,50.5,89.22,4.5,71.45,0.697,,,,
LAO,Asia,Laos,2022-02-03,135301.0,400.0,453.0,558.0,5.0,3.429,18335.064,54.205,61.387,75.616,0.678,0.465,0.76,,,,,,,,,3234.0,955166.0,129.438,0.438,1392.0,0.189,0.325,3.1,tests performed,,,,,,,,,,,,,,60.19,7379358.0,29.715,24.4,4.029,2.322,6397.36,22.7,368.111,4.0,7.3,51.2,49.839,1.5,67.92,0.613,,,,
LVA,Europe,Latvia,2022-02-03,422233.0,9831.0,8344.571,4923.0,12.0,11.0,226163.86,5265.853,4469.666,2636.944,6.428,5.892,1.54,,,733.0,392.622,133.0,71.291,774.0,414.641,25514.0,6127166.0,3281.94,13.666,22422.0,12.01,0.372,2.7,tests performed,2799817.0,1338535.0,1289561.0,456070.0,3579.0,4001.0,149.97,71.7,69.07,24.43,2143.0,364.0,0.019,48.15,1866934.0,31.212,43.9,19.754,14.136,25063.846,0.7,350.06,4.91,25.6,51.0,,5.57,75.29,0.866,,,,
LBN,Asia,Lebanon,2022-02-03,948728.0,9446.0,8106.571,9657.0,19.0,16.143,140154.652,1395.448,1197.576,1426.619,2.807,2.385,1.18,,,,,,,,,,,,,,,,,,4947384.0,2447634.0,2040672.0,459078.0,19118.0,13633.0,73.09,36.16,30.15,6.78,2014.0,3019.0,0.045,35.19,6769151.0,594.561,31.1,8.514,5.43,13367.565,,266.591,12.71,26.9,40.7,,2.9,78.93,0.744,,,,
LSO,Africa,Lesotho,2022-02-03,32258.0,0.0,29.857,694.0,0.0,0.571,14940.713,0.0,13.829,321.435,0.0,0.265,0.64,,,,,,,,,,,,,,,,,,,,,,,,,,,,,,,45.37,2159067.0,73.562,22.2,4.506,2.647,2851.153,59.6,405.126,3.94,0.4,53.9,2.117,,54.33,0.527,,,,
LBR,Africa,Liberia,2022-02-03,7272.0,0.0,4.143,290.0,0.0,0.143,1403.805,0.0,0.8,55.982,0.0,0.028,0.59,,,,,,,,,,,,,,,,,,,,,,,,,,,,,,,29.63,5180208.0,49.127,19.2,3.057,1.756,752.788,38.6,272.509,2.42,1.5,18.1,1.188,0.8,64.1,0.48,,,,
LBY,Africa,Libya,2022-02-03,441959.0,3656.0,3676.571,6044.0,9.0,9.286,63513.198,525.398,528.354,868.573,1.293,1.334,1.86,,,,,,,,,11053.0,,,1.588,,,,,samples tested,3082052.0,2046913.0,1008409.0,,,11217.0,44.29,29.42,14.49,,1612.0,4924.0,0.071,50.0,6958538.0,3.623,29.0,4.424,2.816,17881.509,,341.862,10.43,,,,3.7,72.91,0.724,,,,
LIE,Europe,Liechtenstein,2022-02-03,9355.0,179.0,127.143,74.0,1.0,0.143,244549.59,4679.249,3323.649,1934.438,26.141,3.734,1.26,,,,,,,0.0,0.0,,,,,,,,,,69348.0,26673.0,26070.0,17608.0,0.0,84.0,181.28,69.73,68.15,46.03,2196.0,8.0,0.021,,38254.0,237.012,,,,,,,7.77,,,,2.397,82.49,0.919,,,,
LTU,Europe,Lithuania,2022-02-03,714208.0,12607.0,10668.714,7936.0,19.0,17.286,265518.454,4686.858,3966.268,2950.337,7.064,6.426,1.48,,,1252.0,465.451,,,,,32599.0,7681569.0,2855.748,12.119,29526.0,10.977,0.432,2.3,tests performed,4424199.0,1943326.0,1863428.0,892250.0,3078.0,3250.0,164.48,72.25,69.28,33.17,1208.0,310.0,0.012,57.41,2689862.0,45.135,43.5,19.002,13.778,29524.265,0.7,342.989,3.67,21.3,38.0,,6.56,75.93,0.882,,,,
OWID_LIC,,Low income,2022-02-03,1775221.0,1728.0,2269.714,40591.0,71.0,62.857,2668.907,2.598,3.412,61.025,0.107,0.095,,,,,,,,,,,,,,,,,,,94496533.0,66778271.0,37189879.0,826967.0,40736.0,278526.0,14.21,10.04,5.59,0.12,419.0,134083.0,0.02,,665149040.0,,,,,,,,,,,,,,,,,,
OWID_LMC,,Lower middle income,2022-02-03,76443970.0,303385.0,341535.857,1237178.0,2177.0,1837.429,22951.65,91.089,102.543,371.452,0.654,0.552,,,,,,,,,,,,,,,,,,,3295647431.0,1811594099.0,1309213753.0,60515125.0,7506347.0,10206174.0,98.95,54.39,39.31,1.82,3064.0,3038874.0,0.091,,3330652550.0,,,,,,,,,,,,,,,,,,
LUX,Europe,Luxembourg,2022-02-03,163980.0,1994.0,1871.0,956.0,0.0,1.286,258311.883,3141.078,2947.32,1505.953,0.0,2.025,1.17,8.0,12.602,79.0,124.446,,,52.0,81.456,6222.0,3997645.0,6297.349,9.801,5159.0,8.127,0.363,2.8,tests performed,1229035.0,475998.0,,335076.0,3096.0,3227.0,193.61,74.98,,52.78,5083.0,212.0,0.033,55.56,634814.0,231.447,39.7,14.312,9.842,94277.965,0.2,128.275,4.42,20.9,26.0,,4.51,82.25,0.916,,,,
MAC,Asia,Macao,2022-02-03,79.0,0.0,0.0,,,,119.989,0.0,0.0,,,,,,,,,,,,,,,,,,,,,,1042227.0,508840.0,477091.0,74095.0,279.0,983.0,158.3,77.29,72.46,11.25,1493.0,243.0,0.037,32.41,658391.0,20546.766,39.2,9.798,4.991,104861.851,,,,,,,,84.24,,,,,
MDG,Africa,Madagascar,2022-02-03,59319.0,1944.0,277.714,1274.0,51.0,7.286,2086.689,68.385,9.769,44.816,1.794,0.256,0.9,,,,,,,,,,,,,,,,,,,,,,,,,,,,,,,,28427333.0,43.951,19.6,2.929,1.686,1416.44,77.6,405.994,3.94,,,50.54,0.2,67.04,0.528,,,,
MWI,Africa,Malawi,2022-02-03,84693.0,61.0,67.0,2565.0,1.0,3.0,4310.585,3.105,3.41,130.55,0.051,0.153,0.53,,,,,,,,,733.0,530456.0,26.998,0.037,896.0,0.046,0.075,13.4,tests performed,1905452.0,1506374.0,798174.0,,879.0,693.0,9.7,7.67,4.06,,35.0,693.0,0.004,36.11,19647681.0,197.519,18.1,2.979,1.783,1095.042,71.4,227.349,3.94,4.4,24.7,8.704,1.3,64.26,0.483,,,,
MYS,Asia,Malaysia,2022-02-03,2887780.0,5720.0,5338.857,32000.0,8.0,8.571,88106.017,174.517,162.888,976.318,0.244,0.262,1.21,114.0,3.478,2380.0,72.614,,,2699.0,82.346,77646.0,45412566.0,1385.535,2.369,104678.0,3.194,0.049,20.3,people tested,63743710.0,26073108.0,25717422.0,12157974.0,100810.0,88248.0,194.48,79.55,78.46,37.09,2692.0,1043.0,0.003,64.81,32776195.0,96.254,29.9,6.293,3.407,26808.164,0.1,260.942,16.74,1.0,42.4,,1.9,76.16,0.81,,,,
MDV,Asia,Maldives,2022-02-03,145036.0,1834.0,2421.0,280.0,2.0,0.857,266796.659,3373.68,4453.479,515.066,3.679,1.577,1.45,,,,,,,,,5657.0,2079231.0,3824.788,10.406,6766.0,12.446,0.358,2.8,samples tested,846039.0,397683.0,369989.0,78367.0,2630.0,2885.0,155.63,73.15,68.06,14.42,5307.0,29.0,0.005,,543620.0,1454.433,30.6,4.12,2.875,15183.616,,164.905,9.19,2.1,55.0,95.803,,78.92,0.74,,,,
MLI,Africa,Mali,2022-02-03,30148.0,17.0,28.429,715.0,0.0,0.571,1445.55,0.815,1.363,34.283,0.0,0.027,0.54,,,,,,,,,,,,,,,,,,1652365.0,1021729.0,630636.0,,,11722.0,7.92,4.9,3.02,,562.0,5634.0,0.027,40.74,20855724.0,15.196,16.4,2.519,1.486,2014.306,,268.024,2.42,1.6,23.0,52.232,0.1,59.31,0.434,,,,
MLT,Europe,Malta,2022-02-03,68433.0,240.0,213.571,559.0,3.0,2.571,132596.396,465.026,413.818,1083.123,5.813,4.982,0.72,5.0,9.688,93.0,180.198,,,41.0,79.679,2383.0,1694008.0,3282.325,4.617,2617.0,5.071,0.082,12.3,tests performed,1216897.0,464992.0,452847.0,332467.0,1669.0,1764.0,235.79,90.1,87.74,64.42,3418.0,319.0,0.062,52.78,516100.0,1454.037,42.4,19.426,11.324,36513.323,0.2,168.711,8.83,20.9,30.2,,4.485,82.53,0.895,,,,
MHL,Oceania,Marshall Islands,2022-02-03,7.0,0.0,0.0,,,,117.414,0.0,0.0,,,,,,,,,,,,,,,,,,,,,,,,,,,,,,,,,,,,59618.0,295.15,,,,3819.202,,557.793,30.53,,,82.502,2.7,73.7,0.704,,,,
MRT,Africa,Mauritania,2022-02-03,58381.0,46.0,66.0,962.0,3.0,3.143,12226.106,9.633,13.822,201.461,0.628,0.658,0.4,,,,,,,,,2460.0,839404.0,175.787,0.515,2717.0,0.569,0.024,41.2,tests performed,2462294.0,1462711.0,975826.0,,,5532.0,51.57,30.63,20.44,,1159.0,2530.0,0.053,37.96,4775110.0,4.289,20.3,3.138,1.792,3597.633,6.0,232.347,2.42,,,15.95,,64.92,0.546,,,,
MUS,Africa,Mauritius,2022-02-03,70862.0,128.0,92.0,786.0,0.0,0.0,55646.648,100.516,72.246,617.232,0.0,0.0,0.98,,,,,,,,,,,,,,,,,,,,,,,,,,,,,,,,1273428.0,622.962,37.4,10.945,5.884,20292.745,0.5,224.644,22.02,3.2,40.7,,3.4,74.99,0.804,,,,
MEX,North America,Mexico,2022-02-03,5027870.0,42181.0,35510.571,307493.0,573.0,455.0,38598.068,323.816,272.608,2360.569,4.399,3.493,1.39,,,,,,,,,15931.0,13515724.0,103.758,0.122,26644.0,0.205,0.631,1.6,people tested,166768826.0,83683108.0,77298207.0,,666616.0,681660.0,128.03,64.24,59.34,,5233.0,42339.0,0.033,57.87,130262220.0,66.444,29.3,6.857,4.321,17336.469,2.5,152.783,13.06,6.9,21.4,87.847,1.38,75.05,0.779,,,,
FSM,Oceania,Micronesia (country),2022-02-03,1.0,0.0,0.0,,,,8.602,0.0,0.0,,,,,,,,,,,,,,,,,,,,,,,,,,,,,,,,,,,,116255.0,150.777,23.0,4.81,2.392,3299.464,16.0,454.343,12.02,,,,,67.88,0.62,,,,
MDA,Europe,Moldova,2022-02-03,455095.0,5255.0,3737.286,10718.0,27.0,16.857,113094.476,1305.906,928.743,2663.502,6.71,4.189,1.2,,,,,,,,,17.0,,,0.004,12754.0,3.169,0.241,4.2,tests performed,1952818.0,,1015033.0,,7345.0,5345.0,48.53,,25.22,,1328.0,,,45.37,4024025.0,123.655,37.6,10.864,6.955,5189.972,0.2,408.502,5.72,5.9,44.6,86.979,5.8,71.9,0.75,,,,
MCO,Europe,Monaco,2022-02-03,8183.0,393.0,125.571,48.0,0.0,0.286,207059.717,9944.332,3177.415,1214.575,0.0,7.23,0.93,,,,,,,,,,,,,,,,,,,,,,,,,,,,,,,,39520.0,19347.5,,,,,,,5.46,,,,13.8,86.75,,,,,
MNG,Asia,Mongolia,2022-02-03,447464.0,694.0,1680.714,2117.0,1.0,2.143,134402.553,208.453,504.828,635.873,0.3,0.644,1.29,,,,,,,,,4026.0,6911505.0,2075.975,1.209,13043.0,3.918,0.129,7.8,samples tested,5448682.0,2269843.0,2170723.0,1008116.0,1253.0,952.0,163.66,68.18,65.2,30.28,286.0,65.0,0.002,37.5,3329282.0,1.98,28.6,4.031,2.421,11840.846,0.5,460.043,4.82,5.5,46.5,71.18,7.0,69.87,0.737,,,,
MNE,Europe,Montenegro,2022-02-03,221902.0,688.0,720.857,2591.0,9.0,7.143,353318.441,1095.452,1147.768,4125.461,14.33,11.373,0.71,,,,,,,,,,,,,,,,,,655517.0,287254.0,278147.0,90116.0,621.0,392.0,104.37,45.74,44.29,14.35,624.0,71.0,0.011,,628051.0,46.28,39.1,14.762,9.395,16409.288,1.0,387.305,10.08,44.0,47.9,,3.861,76.88,0.829,,,,
MSR,North America,Montserrat,2022-02-03,163.0,0.0,0.286,1.0,0.0,0.0,32724.353,0.0,57.361,200.763,0.0,0.0,,,,,,,,,,,,,,,,,,,3804.0,1826.0,1593.0,,,16.0,76.37,36.66,31.98,,3212.0,5.0,0.1,,4981.0,,,,,,,,,,,,,74.16,,,,,
MAR,Africa,Morocco,2022-02-03,1141708.0,2861.0,3088.714,15515.0,51.0,35.0,30572.085,76.61,82.708,415.453,1.366,0.937,0.86,,,,,,,,,21125.0,10623022.0,284.458,0.566,21078.0,0.564,0.214,4.7,people tested,52356034.0,24760419.0,23182509.0,,51870.0,47371.0,140.2,66.3,62.08,,1268.0,2711.0,0.007,67.59,37344787.0,80.08,29.6,6.769,4.209,7485.013,1.0,419.146,7.14,0.8,47.1,,1.1,76.68,0.686,,,,
MOZ,Africa,Mozambique,2022-02-03,224143.0,100.0,104.286,2180.0,0.0,2.286,6968.961,3.109,3.242,67.78,0.0,0.071,0.43,,,,,,,,,3372.0,1229425.0,38.225,0.105,1818.0,0.057,0.057,17.4,tests performed,19788759.0,10759191.0,9022900.0,,,80250.0,61.53,33.45,28.05,,2495.0,31916.0,0.099,,32163045.0,37.728,17.7,3.158,1.87,1136.103,62.9,329.942,3.3,5.1,29.1,12.227,0.7,60.85,0.456,,,,
MMR,Asia,Myanmar,2022-02-03,536904.0,368.0,319.0,19310.0,0.0,0.0,9796.443,6.715,5.821,352.334,0.0,0.0,1.17,,,,,,,,,11236.0,6445899.0,117.613,0.205,19302.0,0.352,0.015,66.5,samples tested,40953452.0,22106391.0,18847061.0,,,135935.0,74.72,40.34,34.39,,2480.0,51353.0,0.094,,54806014.0,81.721,29.1,5.732,3.12,5591.597,6.4,202.104,4.61,6.3,35.2,79.287,0.9,67.13,0.583,,,,
NAM,Africa,Namibia,2022-02-03,156102.0,58.0,68.429,3973.0,0.0,3.714,60332.913,22.417,26.447,1535.552,0.0,1.436,0.54,,,,,,,,,700.0,925250.0,357.606,0.271,1255.0,0.485,0.054,18.3,tests performed,773702.0,418004.0,356763.0,,,16348.0,29.9,16.16,13.79,,6318.0,289.0,0.011,30.56,2587344.0,3.078,22.0,3.552,2.085,9541.808,13.4,243.811,3.94,9.7,34.2,44.6,,63.71,0.646,,,,
NPL,Asia,Nepal,2022-02-03,962517.0,2742.0,3321.429,11778.0,14.0,13.0,32435.37,92.401,111.927,396.901,0.472,0.438,0.79,,,,,,,,,10026.0,5257175.0,177.159,0.338,10210.0,0.344,0.325,3.1,tests performed,31642503.0,16830395.0,14407775.0,,,282557.0,106.63,56.72,48.55,,9522.0,70923.0,0.239,62.96,29674920.0,204.43,25.0,5.809,3.212,2442.804,15.0,260.797,7.26,9.5,37.8,47.782,0.3,70.78,0.602,,,,
NLD,Europe,Netherlands,2022-02-03,4697492.0,82891.0,79519.0,21389.0,7.0,8.143,273537.896,4826.795,4630.441,1245.495,0.408,0.474,1.44,218.0,12.694,1168.0,68.013,102.0,5.94,1216.0,70.808,151234.0,25887168.0,1507.426,8.806,143756.0,8.371,0.535,1.9,tests performed,33411666.0,13414624.0,12323693.0,8541437.0,,41641.0,194.56,78.11,71.76,49.74,2425.0,6368.0,0.037,58.33,17173094.0,508.544,43.2,18.779,11.881,48472.545,,109.361,5.29,24.4,27.3,,3.32,82.28,0.944,28069.5,8.69,-5.04,1634.505
NCL,Oceania,New Caledonia,2022-02-03,24491.0,1260.0,941.143,284.0,0.0,0.143,84974.169,4371.706,3265.397,985.369,0.0,0.496,,,,,,,,,,,,,,,,,,,363290.0,186200.0,177090.0,,,171.0,126.05,64.6,61.44,,593.0,99.0,0.034,,288217.0,15.342,33.4,9.954,6.489,,,,23.36,,,,,77.55,,,,,
NZL,Oceania,New Zealand,2022-02-03,17277.0,272.0,183.714,53.0,0.0,0.143,3370.267,53.06,35.838,10.339,0.0,0.028,1.42,,,,,,,,,24908.0,6096862.0,1189.33,4.859,20004.0,3.902,0.009,108.9,tests performed,9611009.0,4196061.0,3931782.0,1483166.0,30308.0,43435.0,187.48,81.85,76.7,28.93,8473.0,8182.0,0.16,62.04,5126300.0,18.206,37.9,15.322,9.72,36085.843,,128.797,8.08,14.8,17.2,,2.61,82.29,0.931,,,,
NIC,North America,Nicaragua,2022-02-03,17709.0,0.0,8.429,221.0,0.0,0.143,2642.196,0.0,1.258,32.973,0.0,0.021,1.27,,,,,,,,,,,,,,,,,,8881477.0,5279733.0,3601744.0,,,31693.0,132.51,78.77,53.74,,4729.0,11334.0,0.169,8.33,6702379.0,51.667,27.3,5.445,3.519,5321.444,3.2,137.016,11.47,,,,0.9,74.48,0.66,,,,
NER,Africa,Niger,2022-02-03,8656.0,0.0,3.429,301.0,0.0,0.571,344.438,0.0,0.136,11.977,0.0,0.023,0.76,,,,,,,,,,,,,,,,,,1798575.0,1442884.0,1025950.0,,,972.0,7.16,5.74,4.08,,39.0,858.0,0.003,,25130810.0,16.955,15.1,2.553,1.378,926.0,44.5,238.339,2.42,0.1,15.4,8.978,0.3,62.42,0.394,,,,
NGA,Africa,Nigeria,2022-02-03,253405.0,0.0,93.143,3136.0,0.0,0.286,1198.695,0.0,0.441,14.834,0.0,0.001,0.59,,,,,,,,,,4116369.0,19.472,,8642.0,0.041,0.014,72.4,samples tested,20617588.0,14834559.0,5446849.0,,186047.0,179582.0,9.75,7.02,2.58,,849.0,151729.0,0.072,30.56,211400704.0,209.588,18.1,2.751,1.447,5338.454,,181.013,2.42,0.6,10.8,41.949,,54.69,0.539,,,,
OWID_NAM,,North America,2022-02-03,88989206.0,337419.0,426604.429,1308551.0,3099.0,3157.143,149165.266,565.588,715.082,2193.416,5.195,5.292,,,,,,,,,,,,,,,,,,,899090948.0,416092680.0,361008655.0,117331179.0,205596.0,1013771.0,150.71,69.75,60.51,19.67,1699.0,163536.0,0.027,,596581283.0,,,,,,,,,,,,,,,,,,
MKD,Europe,North Macedonia,2022-02-03,274144.0,1707.0,1562.571,8494.0,24.0,26.0,131631.6,819.625,750.276,4078.436,11.524,12.484,1.09,,,,,,,,,,,,,,,,,,1804728.0,849249.0,828358.0,127121.0,,1128.0,86.65,40.78,39.77,6.1,542.0,159.0,0.008,,2082661.0,82.6,39.1,13.26,8.16,13111.214,5.0,322.688,10.08,,,,4.28,75.8,0.774,,,,
NOR,Europe,Norway,2022-02-03,849389.0,21804.0,19265.286,1467.0,27.0,4.0,155405.535,3989.294,3524.807,268.405,4.94,0.732,1.26,,,230.0,42.081,17.0,3.167,205.0,37.447,31131.0,10210795.0,1868.183,5.696,30930.0,5.659,0.634,1.6,people tested,11055841.0,4317852.0,3997344.0,2740645.0,28492.0,20750.0,202.28,79.0,73.14,50.14,3796.0,846.0,0.015,48.15,5465629.0,14.462,39.7,16.821,10.813,64800.057,0.2,114.316,5.31,19.6,20.7,,3.6,82.4,0.957,,,,
OWID_OCE,,Oceania,2022-02-03,2874660.0,35013.0,33454.143,6481.0,92.0,90.286,66512.334,810.112,774.044,149.954,2.129,2.089,,,,,,,,,,,,,,,,,,,63809099.0,27907342.0,25787305.0,10114452.0,402934.0,275833.0,147.64,64.57,59.67,23.4,6382.0,40198.0,0.093,,43219954.0,,,,,,,,,,,,,,,,,,
OMN,Asia,Oman,2022-02-03,346041.0,1998.0,2182.0,4158.0,5.0,3.429,66248.534,382.511,417.737,796.037,0.957,0.656,1.75,,,,,,,,,,,,,,,,,,6600551.0,3181438.0,2967168.0,,,16068.0,126.37,60.91,56.81,,3076.0,2325.0,0.045,69.44,5223376.0,14.98,30.7,2.355,1.53,37960.709,,266.342,12.61,0.5,15.6,97.4,1.6,77.86,0.813,,,,
PAK,Asia,Pakistan,2022-02-03,1448663.0,6400.0,6656.143,29420.0,48.0,32.571,6432.786,28.419,29.557,130.639,0.213,0.145,1.28,,,,,,,,,59786.0,25194561.0,111.876,0.265,62515.0,0.278,0.106,9.4,tests performed,180661534.0,107277517.0,83946354.0,2758593.0,1664560.0,939480.0,80.22,47.64,37.28,1.22,4172.0,435633.0,0.193,30.09,225199929.0,255.573,23.5,4.495,2.78,5034.708,4.0,423.031,8.35,2.8,36.7,59.607,0.6,67.27,0.557,,,,
PLW,Oceania,Palau,2022-02-03,2115.0,175.0,156.143,,,,116375.041,9629.141,8591.552,,,,,,,,,,,,,,,,,,,,,,,,,,,,,,,,,,,,18174.0,47.237,,,,13240.405,,,15.89,7.7,22.7,,4.8,73.7,0.826,,,,
PSE,Asia,Palestine,2022-02-03,556550.0,10374.0,8015.143,5128.0,12.0,7.714,106562.512,1986.308,1534.658,981.857,2.298,1.477,2.71,,,,,,,,,19704.0,,,3.773,8370.0,1.603,0.195,5.1,tests performed,,,,,,,,,,,,,,,5222756.0,778.202,20.4,3.043,1.726,4449.898,1.0,265.91,10.59,,,,,74.05,0.708,,,,
PAN,North America,Panama,2022-02-03,717171.0,11291.0,5577.571,7788.0,36.0,18.857,163678.515,2576.923,1272.958,1777.44,8.216,4.304,1.28,,,,,,,,,21790.0,5263461.0,1201.269,4.973,21109.0,4.818,0.264,3.8,tests performed,6602026.0,3127702.0,2505992.0,968332.0,17654.0,16540.0,150.68,71.38,57.19,22.1,3775.0,3514.0,0.08,48.15,4381583.0,55.133,29.7,7.918,5.03,22267.037,2.2,128.346,8.33,2.4,9.9,,2.3,78.51,0.815,,,,
PNG,Oceania,Papua New Guinea,2022-02-03,37390.0,120.0,113.429,597.0,0.0,0.0,4100.228,13.159,12.439,65.468,0.0,0.0,1.11,,,,,,,,,,,,,,,,,,522939.0,292091.0,230848.0,,,144.0,5.73,3.2,2.53,,16.0,59.0,0.001,,9119005.0,18.22,22.6,3.808,2.142,3823.194,,561.494,17.65,23.5,48.8,,,64.5,0.555,,,,
PRY,South America,Paraguay,2022-02-03,598170.0,3740.0,5466.286,17476.0,50.0,42.857,82853.15,518.031,757.141,2420.619,6.926,5.936,1.26,,,,,,,,,12481.0,2397663.0,332.103,1.729,11987.0,1.66,0.456,2.2,tests performed,7478535.0,3540518.0,3088920.0,849097.0,,9675.0,103.59,49.04,42.78,11.76,1340.0,1891.0,0.026,35.19,7219641.0,17.144,26.5,6.378,3.833,8827.01,1.7,199.128,8.27,5.0,21.6,79.602,1.3,74.25,0.728,,,,
PER,South America,Peru,2022-02-03,3308693.0,22542.0,26898.857,206406.0,186.0,209.429,99183.184,675.731,806.335,6187.339,5.576,6.278,1.43,,,,,,,,,1.0,7181133.0,215.266,0.0,0.0,0.0,0.313,3.2,tests performed,55404983.0,25016848.0,22782128.0,7606007.0,52725.0,93106.0,166.08,74.99,68.29,22.8,2791.0,9160.0,0.027,57.41,33359415.0,25.129,29.1,7.151,4.455,12236.706,3.5,85.755,5.95,4.8,,,1.6,76.74,0.777,220596.1,82.65,54.78,6612.709
PHL,Asia,Philippines,2022-02-03,3585461.0,8163.0,13144.857,54168.0,71.0,61.714,32287.805,73.509,118.372,487.794,0.639,0.556,0.75,,,,,,,,,64860.0,25196245.0,226.897,0.584,68771.0,0.619,0.473,2.1,people tested,127570820.0,,59342837.0,7704701.0,407214.0,354529.0,114.88,,53.44,6.94,3193.0,,,71.76,111046910.0,351.873,25.2,4.803,2.661,7599.188,,370.437,7.07,7.8,40.8,78.463,1.0,71.23,0.718,,,,
POL,Europe,Poland,2022-02-03,5035796.0,54475.0,48623.0,106060.0,307.0,203.429,133232.69,1441.252,1286.425,2806.043,8.122,5.382,1.43,,,15029.0,397.624,,,,,170191.0,30377928.0,803.713,4.503,153495.0,4.061,0.317,3.2,people tested,51996078.0,22363222.0,21819649.0,10493700.0,108458.0,105899.0,137.57,59.17,57.73,27.76,2802.0,13431.0,0.036,39.81,37797000.0,124.027,41.8,16.763,10.202,27216.445,,227.331,5.91,23.3,33.1,,6.62,78.73,0.88,,,,
PRT,Europe,Portugal,2022-02-03,2795830.0,50447.0,50329.429,20077.0,53.0,47.571,274965.694,4961.387,4949.824,1974.543,5.212,4.679,1.19,155.0,15.244,2440.0,239.97,,,,,239481.0,35261065.0,3467.873,23.553,264554.0,26.018,0.198,5.0,tests performed,21785390.0,9588046.0,9209148.0,5280984.0,68920.0,76229.0,214.26,94.3,90.57,51.94,7497.0,1501.0,0.015,31.48,10167923.0,112.371,46.2,21.502,14.924,27936.896,0.5,127.842,9.85,16.3,30.0,,3.39,82.05,0.864,,,,
QAT,Asia,Qatar,2022-02-03,342811.0,1183.0,1430.143,651.0,2.0,1.571,116979.421,403.682,488.016,222.145,0.682,0.536,0.64,,,,,,,,,,,,,,,,,,5905780.0,,,,27526.0,24921.0,201.53,,,,8504.0,,,,2930524.0,227.322,31.9,1.307,0.617,116935.6,,176.69,16.52,0.8,26.9,,1.2,80.23,0.848,,,,
ROU,Europe,Romania,2022-02-03,2325016.0,32671.0,30026.0,60353.0,111.0,79.429,121551.846,1708.04,1569.759,3155.255,5.803,4.153,1.51,,,,,,,,,102045.0,19443558.0,1016.509,5.335,91958.0,4.808,0.326,3.1,tests performed,16465301.0,8112587.0,7986889.0,,16185.0,17672.0,86.08,42.41,41.76,,924.0,21105.0,0.11,52.78,19127772.0,85.129,43.0,17.85,11.69,23313.199,5.7,370.946,9.74,22.9,37.1,,6.892,76.05,0.828,,,,
RUS,Europe,Russia,2022-02-03,12090707.0,154643.0,124754.857,326642.0,656.0,643.857,82862.994,1059.837,855.001,2238.623,4.496,4.413,1.7,,,,,,,100069.0,685.817,1012145.0,258652563.0,1772.661,6.937,873154.0,5.984,0.143,7.0,tests performed,155054047.0,76798119.0,70080049.0,10310626.0,161060.0,269529.0,106.27,52.63,48.03,7.07,1847.0,90029.0,0.062,48.61,145912022.0,8.823,39.6,14.178,9.393,24765.954,0.1,431.297,6.18,23.4,58.3,,8.05,72.58,0.824,,,,
RWA,Africa,Rwanda,2022-02-03,129039.0,68.0,58.571,1444.0,0.0,1.143,9719.341,5.122,4.412,108.763,0.0,0.086,0.38,,,,,,,,,7379.0,4522209.0,340.617,0.556,11390.0,0.858,0.005,194.5,samples tested,16555832.0,8507727.0,6949580.0,826967.0,,146449.0,124.7,64.08,52.34,6.23,11031.0,45228.0,0.341,48.15,13276517.0,494.869,20.3,2.974,1.642,1854.211,56.0,191.375,4.28,4.7,21.0,4.617,,69.02,0.543,,,,
SHN,Africa,Saint Helena,2022-02-03,4.0,0.0,0.0,,,,656.276,0.0,0.0,,,,,,,,,,,,,,,,,,,,,,,,,,,,,,,,,,,,6095.0,,,,,,,,,,,,,80.56,,,,,
KNA,North America,Saint Kitts and Nevis,2022-02-03,5467.0,14.0,14.143,37.0,0.0,0.571,102099.13,261.457,264.125,690.995,0.0,10.672,0.53,,,,,,,,,77.0,65348.0,1220.409,1.438,76.0,1.419,0.186,5.4,people tested,56816.0,27984.0,26048.0,2784.0,,41.0,106.11,52.26,48.65,5.2,766.0,8.0,0.015,,53546.0,212.865,,,,24654.385,,,12.84,,,,2.3,76.23,0.779,,,,
LCA,North America,Saint Lucia,2022-02-03,21399.0,318.0,140.286,333.0,0.0,1.0,116046.008,1724.503,760.764,1805.847,0.0,5.423,1.16,,,,,,,,,,,,,,,,,,108090.0,57018.0,51072.0,,33.0,65.0,58.62,30.92,27.7,,352.0,28.0,0.015,,184401.0,293.187,34.9,9.721,6.405,12951.839,,204.62,11.62,,,87.202,1.3,76.2,0.759,,,,
SPM,North America,Saint Pierre and Miquelon,2022-02-03,953.0,7.0,20.0,1.0,0.0,0.143,165136.025,1212.961,3465.604,173.28,0.0,24.754,,,,,,,,,,,,,,,,,,,,,,,,,,,,,,,,,5771.0,,,,,,,,,,,,,81.07,,,,,
VCT,North America,Saint Vincent and the Grenadines,2022-02-03,7939.0,0.0,-215.429,95.0,0.0,0.429,71349.612,0.0,-1936.106,853.787,0.0,3.852,0.71,,,,,,,,,,97148.0,873.091,,91.0,0.818,0.081,12.3,tests performed,63669.0,34138.0,27395.0,2136.0,,82.0,57.22,30.68,24.62,1.92,737.0,21.0,0.019,,111269.0,281.787,31.8,7.724,4.832,10727.146,,252.675,11.62,,,,2.6,72.53,0.738,,,,
WSM,Oceania,Samoa,2022-02-03,33.0,0.0,0.571,,,,164.881,0.0,2.855,,,,,,,,,,,,,,,,,,,,,,267016.0,142433.0,124583.0,,,248.0,133.41,71.17,62.25,,1239.0,74.0,0.037,,200144.0,69.413,22.0,5.606,3.564,6021.557,,348.977,9.21,16.7,38.1,,,73.32,0.715,,,,
SMR,Europe,San Marino,2022-02-03,13328.0,243.0,157.0,109.0,0.0,0.0,391884.74,7144.957,4616.289,3204.94,0.0,0.0,1.23,,,,,,,,,,,,,,,,,,63366.0,24570.0,21775.0,,,233.0,186.32,72.24,64.03,,6851.0,6.0,0.018,37.96,34010.0,556.667,,,,56861.47,,,5.64,,,,3.8,84.97,,,,,
STP,Africa,Sao Tome and Principe,2022-02-03,5907.0,4.0,5.714,70.0,0.0,0.143,26445.622,17.908,25.583,313.39,0.0,0.64,0.5,,,,,,,,,,,,,,,,,,,,,,,,,,,,,,,,223364.0,212.841,18.7,2.886,2.162,3052.714,32.3,270.113,2.42,,,41.34,2.9,70.39,0.625,,,,
SAU,Asia,Saudi Arabia,2022-02-03,699069.0,3852.0,4010.286,8947.0,4.0,2.571,19780.859,108.996,113.475,253.164,0.113,0.073,1.1,,,,,,,,,133542.0,38442632.0,1087.773,3.779,139622.0,3.951,0.029,34.8,tests performed,58095578.0,25624833.0,23763036.0,8707709.0,243578.0,225047.0,164.39,72.51,67.24,24.64,6368.0,17639.0,0.05,49.07,35340680.0,15.322,31.9,3.295,1.845,49045.411,,259.538,17.72,1.8,25.4,,2.7,75.13,0.854,,,,
SEN,Africa,Senegal,2022-02-03,85117.0,45.0,58.286,1950.0,1.0,1.571,4949.725,2.617,3.389,113.396,0.058,0.091,0.44,,,,,,,,,1287.0,998162.0,58.045,0.075,1410.0,0.082,0.041,24.2,tests performed,2044504.0,1415371.0,1003584.0,,,4472.0,11.89,8.23,5.84,,260.0,3652.0,0.021,21.3,17196308.0,82.328,18.7,3.008,1.796,2470.58,38.0,241.219,2.42,0.4,16.6,20.859,,67.94,0.512,,,,
SRB,Europe,Serbia,2022-02-03,1730486.0,15623.0,16271.714,13807.0,59.0,55.714,251833.539,2273.578,2367.984,2009.3,8.586,8.108,1.23,150.0,21.829,4071.0,592.443,,,,,34132.0,8242567.0,1199.521,4.967,33177.0,4.828,0.49,2.0,people tested,8410883.0,3335402.0,3247144.0,1828337.0,4487.0,3653.0,122.4,48.54,47.25,26.61,532.0,597.0,0.009,28.7,6871547.0,80.291,41.2,17.366,,14048.881,,439.415,10.08,37.7,40.2,97.719,5.609,76.0,0.806,,,,
SYC,Africa,Seychelles,2022-02-03,37771.0,577.0,173.143,154.0,0.0,0.714,381872.409,5833.586,1750.509,1556.971,0.0,7.222,1.09,,,,,,,,,,,,,,,,,,,,,,,,,,,,,,,,98910.0,208.354,36.2,8.606,5.586,26382.287,1.1,242.648,10.55,7.1,35.7,,3.6,73.4,0.796,,,,
SLE,Africa,Sierra Leone,2022-02-03,7625.0,0.0,2.0,125.0,0.0,0.0,936.578,0.0,0.246,15.354,0.0,0.0,0.48,,,,,,,,,,,,,,,,,,1409313.0,1147770.0,692512.0,,,32362.0,17.31,14.1,8.51,,3975.0,26715.0,0.328,29.63,8141343.0,104.7,19.1,2.538,1.285,1390.3,52.2,325.721,2.42,8.8,41.3,19.275,,54.7,0.452,,,,
SGP,Asia,Singapore,2022-02-03,366473.0,4297.0,4771.714,860.0,1.0,1.429,67198.364,787.92,874.966,157.694,0.183,0.262,1.55,13.0,2.384,919.0,168.513,,,,,228300.0,,,41.862,228300.0,41.862,0.022,44.3,samples tested,12870890.0,4929611.0,4786538.0,3154741.0,25552.0,31738.0,236.01,90.39,87.77,57.85,5820.0,3669.0,0.067,60.19,5453600.0,7915.731,42.4,12.922,7.049,85535.383,,92.243,10.99,5.2,28.3,,2.4,83.62,0.938,,,,
SXM,North America,Sint Maarten (Dutch part),2022-01-28,,,,,,,,,,,,,,,,,,,,,,,,,,,,,,,60098.0,27592.0,25501.0,,,68.0,138.41,63.55,58.73,,1566.0,14.0,0.032,,43421.0,1209.088,,,,36327.232,,,,,,,,78.95,,,,,
SVK,Europe,Slovakia,2022-02-03,1639953.0,22665.0,18268.714,17896.0,19.0,20.143,300949.118,4159.273,3352.507,3284.11,3.487,3.696,1.68,,,1535.0,281.689,,,,,31960.0,47827860.0,8776.93,5.865,54468.0,9.995,0.282,3.5,tests performed,6795273.0,2798118.0,2661120.0,1482107.0,,1161.0,124.7,51.35,48.83,27.2,213.0,77.0,0.001,46.3,5449270.0,113.128,41.2,15.07,9.167,30155.152,0.7,287.959,7.29,23.1,37.7,,5.82,77.54,0.86,,,,
SVN,Europe,Slovenia,2022-02-03,762840.0,16860.0,15181.571,5912.0,19.0,12.143,366975.302,8110.749,7303.316,2844.054,9.14,5.841,1.39,133.0,63.982,749.0,360.317,86.0,41.51,631.0,303.455,8719.0,2516935.0,1210.808,4.194,16256.0,7.82,0.74,1.4,tests performed,2928242.0,1261633.0,1212493.0,600909.0,5116.0,2990.0,140.87,60.69,58.33,28.91,1438.0,152.0,0.007,75.0,2078723.0,102.619,44.5,19.062,12.93,31400.84,,153.493,7.25,20.1,25.0,,4.5,81.32,0.917,,,,
SLB,Oceania,Solomon Islands,2022-02-03,2357.0,190.0,228.857,21.0,6.0,2.286,3348.035,269.888,325.083,29.83,8.523,3.247,,,,,,,,,,,,,,,,,,,271063.0,195262.0,75801.0,,,997.0,38.5,27.74,10.77,,1416.0,305.0,0.043,,703995.0,21.841,20.8,3.507,2.043,2205.923,25.1,459.78,18.68,,,35.89,1.4,73.0,0.567,,,,
SOM,Africa,Somalia,2022-02-03,26067.0,679.0,97.0,1335.0,0.0,0.0,1593.386,41.505,5.929,81.604,0.0,0.0,0.18,,,,,,,,,,,,,,,,,,,,,,,,,,,,,,,,16359500.0,23.5,16.8,2.731,1.496,,,365.769,6.05,,,9.831,0.9,57.4,,,,,
ZAF,Africa,South Africa,2022-02-03,3616075.0,3266.0,3082.286,95545.0,82.0,127.714,60225.763,54.395,51.335,1591.303,1.366,2.127,0.84,,,,,,,2675.0,44.552,30785.0,22374263.0,372.644,0.513,30717.0,0.512,0.1,10.0,people tested,30031893.0,19682367.0,16693235.0,628986.0,72351.0,57938.0,50.02,32.78,27.8,1.05,965.0,27655.0,0.046,41.67,60041996.0,46.754,27.3,5.344,3.053,12294.876,18.9,200.38,5.52,8.1,33.2,43.993,2.32,64.13,0.709,251547.0,23.3,18.8,4189.518
OWID_SAM,,South America,2022-02-03,49644699.0,423496.0,333081.714,1221306.0,1983.0,1592.857,114320.185,975.213,767.01,2812.383,4.566,3.668,,,,,,,,,,,,,,,,,,,722852099.0,343403411.0,295528688.0,95948048.0,1701432.0,2476956.0,166.46,79.08,68.05,22.09,5704.0,733123.0,0.169,,434260137.0,,,,,,,,,,,,,,,,,,
KOR,Asia,South Korea,2022-02-03,934656.0,27442.0,20153.429,6836.0,24.0,22.571,18217.574,534.878,392.815,133.242,0.468,0.44,1.71,274.0,5.341,,,,,7511.0,146.398,286476.0,52448304.0,1022.281,5.584,253479.0,4.941,0.08,12.6,people tested,114793498.0,44658333.0,44053608.0,27594934.0,387165.0,196835.0,223.75,87.04,85.87,53.79,3837.0,5085.0,0.01,50.93,51305184.0,527.967,43.4,13.914,8.622,35938.374,0.2,85.998,6.8,6.2,40.9,,12.27,83.03,0.916,,,,
SSD,Africa,South Sudan,2022-02-03,16820.0,10.0,7.571,137.0,0.0,0.0,1477.853,0.879,0.665,12.037,0.0,0.0,0.81,,,,,,,,,509.0,324354.0,28.499,0.045,775.0,0.068,0.01,102.4,tests performed,342153.0,296056.0,247892.0,,,2948.0,3.01,2.6,2.18,,259.0,2820.0,0.025,38.89,11381377.0,,19.2,3.441,2.032,1569.888,,280.775,10.43,,,,,57.85,0.433,,,,
ESP,Europe,Spain,2022-02-03,10199716.0,74368.0,77072.571,94040.0,183.0,181.857,218198.095,1590.922,1648.78,2011.757,3.915,3.89,0.91,1880.0,40.218,14446.0,309.037,929.0,19.874,11856.0,253.63,202777.0,82706689.0,1769.308,4.338,213507.0,4.567,0.33,3.0,tests performed,90592858.0,40936086.0,38312156.0,22105089.0,143754.0,154946.0,193.8,87.57,81.96,47.29,3315.0,9644.0,0.021,37.96,46745211.0,93.105,45.5,19.436,13.799,34272.36,1.0,99.403,7.17,27.4,31.4,,2.97,83.56,0.904,,,,
LKA,Asia,Sri Lanka,2022-02-03,614659.0,1181.0,1079.286,15515.0,23.0,20.857,28592.373,54.937,50.206,721.718,1.07,0.97,1.26,,,,,,,,,9662.0,6137352.0,285.494,0.449,7893.0,0.367,0.137,7.3,tests performed,36159785.0,16733188.0,13958389.0,5468208.0,141561.0,99917.0,168.21,77.84,64.93,25.44,4648.0,26127.0,0.122,,21497306.0,341.955,34.1,10.069,5.331,11669.077,0.7,197.093,10.68,0.3,27.0,,3.6,76.98,0.782,,,,
SDN,Africa,Sudan,2022-02-03,58874.0,251.0,252.571,3588.0,55.0,23.714,1310.952,5.589,5.624,79.894,1.225,0.528,0.97,,,,,,,,,,,,,,,,,,3718299.0,3194518.0,1436636.0,,,10873.0,8.28,7.11,3.2,,242.0,10214.0,0.023,18.52,44909351.0,23.258,19.7,3.548,2.034,4466.507,,431.388,15.67,,,23.437,0.8,65.31,0.51,,,,
SUR,South America,Suriname,2022-02-03,74858.0,388.0,330.0,1274.0,3.0,2.571,126492.486,655.629,557.623,2152.762,5.069,4.345,0.77,,,,,,,,,1163.0,73447.0,124.108,1.965,675.0,1.141,0.417,2.4,tests performed,498165.0,264930.0,233235.0,,995.0,265.0,84.18,44.77,39.41,,448.0,106.0,0.018,54.63,591798.0,3.612,29.6,6.933,4.229,13767.119,,258.314,12.54,7.4,42.9,67.779,3.1,71.68,0.738,,,,
SWE,Europe,Sweden,2022-02-03,2259656.0,36541.0,34911.429,16100.0,72.0,46.0,222403.606,3596.499,3436.11,1584.621,7.087,4.527,1.64,103.0,10.138,2101.0,206.788,,,,,77851.0,17362408.0,1708.872,7.662,77851.0,7.662,0.526,1.9,tests performed,19509796.0,7778355.0,7515723.0,4084573.0,59673.0,63476.0,192.02,76.56,73.97,40.2,6248.0,708.0,0.007,50.0,10160159.0,24.718,41.0,19.985,13.433,46949.283,0.5,133.982,4.79,18.8,18.9,,2.22,82.8,0.945,,,,
CHE,Europe,Switzerland,2022-02-03,2331213.0,36742.0,34272.429,12768.0,19.0,14.571,267479.158,4215.711,3932.356,1464.977,2.18,1.672,1.21,197.0,22.603,1960.0,224.887,,,731.0,83.874,75919.0,17353304.0,1991.087,8.711,88133.0,10.112,0.4,2.5,tests performed,15357374.0,6073204.0,5926857.0,3450900.0,19577.0,20956.0,176.21,69.68,68.0,39.6,2404.0,1330.0,0.015,44.44,8715494.0,214.243,43.1,18.436,12.644,57410.166,,99.739,5.59,22.6,28.9,,4.53,83.78,0.955,,,,
SYR,Asia,Syria,2022-02-03,51656.0,87.0,68.429,2998.0,3.0,2.714,2826.485,4.76,3.744,164.043,0.164,0.149,1.25,,,,,,,,,,,,,,,,,,,,,,,,,,,,,,,55.09,18275704.0,,21.7,,2.577,,,376.264,,,,70.598,1.5,72.7,0.567,,,,
TWN,Asia,Taiwan,2022-02-03,18958.0,55.0,56.0,851.0,0.0,0.0,794.718,2.306,2.348,35.674,0.0,0.0,1.12,,,,,,,,,13227.0,5724251.0,239.96,0.554,13806.0,0.579,0.004,246.5,people tested,41984449.0,19091332.0,17443080.0,5450037.0,324787.0,312741.0,176.0,80.03,73.12,22.85,13110.0,20195.0,0.085,,23855008.0,,42.2,,8.353,,,103.957,,,,,,80.46,,,,,
TJK,Asia,Tajikistan,2022-02-03,17729.0,5.0,12.857,125.0,0.0,0.0,1818.429,0.513,1.319,12.821,0.0,0.0,1.5,,,,,,,,,,,,,,,,,,8305260.0,4522962.0,3759499.0,,,46714.0,85.19,46.39,38.56,,4791.0,21529.0,0.221,,9749625.0,64.281,23.3,3.466,2.155,2896.913,4.8,427.698,7.11,,,72.704,4.8,71.1,0.668,,,,
TZA,Africa,Tanzania,2022-02-03,33230.0,310.0,119.571,789.0,11.0,5.143,540.339,5.041,1.944,12.83,0.179,0.084,0.74,,,,,,,,,,,,,,,,,,3226750.0,2545391.0,1716894.0,,,33124.0,5.25,4.14,2.79,,539.0,19394.0,0.032,13.89,61498438.0,64.699,17.7,3.108,1.874,2683.304,49.1,217.288,5.75,3.3,26.7,47.953,0.7,65.46,0.529,,,,
THA,Asia,Thailand,2022-02-03,2475632.0,9909.0,8594.286,22250.0,22.0,21.714,35391.024,141.657,122.862,318.081,0.315,0.31,1.14,,,,,,,,,,,,,,,,,,116204102.0,52218189.0,48349924.0,15635989.0,257375.0,261869.0,166.12,74.65,69.12,22.35,3744.0,22225.0,0.032,48.15,69950844.0,135.132,40.1,11.373,6.89,16277.671,0.1,109.861,7.04,1.9,38.8,90.67,2.1,77.15,0.777,,,,
TLS,Asia,Timor,2022-02-03,20177.0,41.0,40.429,122.0,0.0,0.0,15014.045,30.509,30.084,90.782,0.0,0.0,2.31,,,,,,,,,,,,,,,,,,1242550.0,672455.0,564583.0,,,696.0,92.46,50.04,42.01,,518.0,247.0,0.018,,1343875.0,87.176,18.0,3.556,1.897,6570.102,30.3,335.346,6.86,6.3,78.1,28.178,5.9,69.5,0.606,,,,
TGO,Africa,Togo,2022-02-03,36550.0,12.0,14.0,268.0,0.0,0.143,4311.035,1.415,1.651,31.61,0.0,0.017,0.39,,,,,,,,,974.0,666105.0,78.566,0.115,920.0,0.109,0.015,65.7,tests performed,2515341.0,1415448.0,1075383.0,,,4954.0,29.67,16.7,12.68,,584.0,1279.0,0.015,43.52,8478242.0,143.366,19.4,2.839,1.525,1429.813,49.2,280.033,6.15,0.9,14.2,10.475,0.7,61.04,0.515,,,,
TON,Oceania,Tonga,2022-02-03,6.0,1.0,0.714,,,,56.201,9.367,6.691,,,,,,,,,,,,,,,,,,,,,,,,,,,,,,,,,,,47.22,106759.0,150.028,22.3,5.82,4.032,5425.621,,227.49,15.42,11.8,44.4,,2.6,70.91,0.725,,,,
TTO,North America,Trinidad and Tobago,2022-02-03,113317.0,638.0,632.143,3433.0,10.0,10.714,80746.116,454.619,450.445,2446.247,7.126,7.635,1.04,,,,,,,,,,,,,,,,,,1487643.0,735084.0,693136.0,113028.0,2124.0,1832.0,106.0,52.38,49.39,8.05,1305.0,412.0,0.029,48.15,1403374.0,266.886,36.2,10.014,5.819,28763.071,,228.467,10.97,,,89.443,3.0,73.51,0.796,,,,
TUN,Africa,Tunisia,2022-02-03,930090.0,12276.0,7692.143,26496.0,134.0,57.143,77924.631,1028.506,644.462,2219.883,11.227,4.788,1.42,,,,,,,,,15066.0,4092366.0,342.866,1.262,18607.0,1.559,0.394,2.5,people tested,12791490.0,7106753.0,6262239.0,1041032.0,2723.0,11101.0,107.17,59.54,52.47,8.72,930.0,2119.0,0.018,,11935764.0,74.228,32.7,8.001,5.075,10849.297,2.0,318.991,8.52,1.1,65.8,78.687,2.3,76.7,0.74,,,,
TUR,Asia,Turkey,2022-02-03,11940695.0,107530.0,98655.429,88064.0,233.0,200.429,140408.171,1264.423,1160.069,1035.526,2.74,2.357,1.25,,,,,,,,,455463.0,132963480.0,1563.49,5.356,443931.0,5.22,0.222,4.5,tests performed,142522697.0,57464203.0,52464047.0,32594447.0,173739.0,157963.0,167.59,67.57,61.69,38.33,1857.0,11509.0,0.014,54.63,85042736.0,104.914,31.6,8.153,5.061,25129.341,0.2,171.285,12.13,14.1,41.1,,2.81,77.69,0.82,,,,
TCA,North America,Turks and Caicos Islands,2022-02-03,5770.0,0.0,13.143,34.0,0.0,0.0,147096.314,0.0,335.055,866.772,0.0,0.0,,,,,,,,,,,,,,,,,,,,,,,,,,,,,,,,,39226.0,37.312,,,,,,,,,,,,80.22,,,,,
UGA,Africa,Uganda,2022-02-03,162049.0,42.0,112.857,3545.0,0.0,4.286,3438.813,0.891,2.395,75.228,0.0,0.091,0.49,,,,,,,,,4740.0,2364426.0,50.175,0.101,3431.0,0.073,0.033,30.4,tests performed,12911692.0,10896664.0,2015028.0,,,38994.0,27.4,23.12,4.28,,827.0,28368.0,0.06,60.19,47123533.0,213.759,16.4,2.168,1.308,1697.707,41.6,213.333,2.5,3.4,16.7,21.222,0.5,63.37,0.544,,,,
UKR,Europe,Ukraine,2022-02-03,4363754.0,40745.0,32908.286,107524.0,221.0,164.429,100392.755,937.382,757.09,2473.703,5.084,3.783,1.62,,,,,,,,,101202.0,18308056.0,421.196,2.328,78837.0,1.814,0.417,2.4,tests performed,30175106.0,15431277.0,14764509.0,,51926.0,41963.0,69.42,35.5,33.97,,965.0,20260.0,0.047,,43466822.0,77.39,41.4,16.462,11.133,7894.393,0.1,539.849,7.11,13.5,47.4,,8.8,72.06,0.779,,,,
ARE,Asia,United Arab Emirates,2022-02-03,851537.0,2232.0,2242.571,2253.0,2.0,3.0,85229.699,223.399,224.457,225.501,0.2,0.3,0.88,,,,,,,,,491658.0,126620885.0,12673.389,49.21,488078.0,48.851,0.005,217.6,tests performed,23612543.0,9890485.0,9336617.0,4385441.0,28487.0,27422.0,236.34,98.99,93.45,43.89,2745.0,25.0,0.0,,9991083.0,112.442,34.0,1.144,0.526,67293.483,,317.84,17.26,1.2,37.4,,1.2,77.97,0.89,,,,
GBR,Europe,United Kingdom,2022-02-03,17651284.0,93053.0,73827.286,157865.0,323.0,224.714,258789.486,1364.271,1082.399,2314.495,4.736,3.295,3.63,478.0,7.008,14634.0,214.552,,,11214.0,164.411,1388657.0,441603933.0,6474.456,20.359,1254441.0,18.392,0.059,16.9,tests performed,138299206.0,52385688.0,48494414.0,37419104.0,78777.0,89672.0,202.76,76.8,71.1,54.86,1315.0,14831.0,0.022,42.13,68207114.0,272.898,40.8,18.517,12.527,39753.244,0.2,122.137,4.28,20.0,24.7,,2.54,81.32,0.932,,,,
USA,North America,United States,2022-02-03,75982593.0,251066.0,354949.571,897237.0,2241.0,2449.0,228234.162,754.144,1066.187,2695.093,6.731,7.356,0.75,21898.0,65.777,116794.0,350.822,,,112591.0,338.197,972253.0,783967326.0,2354.857,2.92,1498650.0,4.502,0.201,5.0,tests performed,541410847.0,250593665.0,211563305.0,88846150.0,0.0,343764.0,163.07,75.48,63.72,26.76,1035.0,89411.0,0.027,58.8,332915074.0,35.608,38.3,15.413,9.732,54225.446,1.2,151.089,10.79,19.1,24.6,,2.77,78.86,0.926,,,,
OWID_UMC,,Upper middle income,2022-02-03,104763678.0,880541.0,724073.857,2347941.0,4058.0,3517.143,41677.532,350.301,288.054,934.068,1.614,1.399,,,,,,,,,,,,,,,,,,,4544282639.0,1998731060.0,1875180636.0,499196744.0,3232394.0,5714699.0,180.78,79.51,74.6,19.86,2273.0,1534682.0,0.061,,2513672790.0,,,,,,,,,,,,,,,,,,
URY,South America,Uruguay,2022-02-03,700511.0,10015.0,9927.429,6579.0,39.0,27.143,200998.694,2873.619,2848.492,1887.723,11.19,7.788,1.07,,,,,,,,,27460.0,5298718.0,1520.369,7.879,25560.0,7.334,0.388,2.6,people tested,7466537.0,2922042.0,2694033.0,1850462.0,15481.0,11782.0,214.24,83.84,77.3,53.1,3381.0,4738.0,0.136,,3485152.0,19.751,35.6,14.655,10.361,20551.409,0.1,160.708,6.93,14.0,19.9,,2.8,77.91,0.817,,,,
UZB,Asia,Uzbekistan,2022-02-03,226036.0,926.0,1079.857,1575.0,4.0,3.429,6660.701,27.287,31.821,46.411,0.118,0.101,1.22,,,,,,,,,,,,,,,,,,42277492.0,19368025.0,,,94206.0,85274.0,124.58,57.07,,,2513.0,18845.0,0.056,,33935765.0,76.134,28.2,4.469,2.873,6253.104,,724.417,7.57,1.3,24.7,,4.0,71.72,0.72,,,,
VUT,Oceania,Vanuatu,2022-02-03,7.0,0.0,0.0,1.0,0.0,0.0,22.26,0.0,0.0,3.18,0.0,0.0,,,,,,,,,,,,,,,,,,,178464.0,109176.0,69288.0,,,736.0,56.75,34.72,22.03,,2340.0,196.0,0.062,19.44,314464.0,22.662,23.1,4.394,2.62,2921.909,13.2,546.3,12.02,2.8,34.5,25.209,,70.47,0.609,,,,
VAT,Europe,Vatican,2022-02-03,29.0,0.0,0.0,,,,35714.286,0.0,0.0,,,,,,,,,,,,,,,,,,,,,,,,,,,,,,,,,,,,812.0,,,,,,,,,,,,,75.12,,,,,
VEN,South America,Venezuela,2022-02-03,491016.0,3241.0,1999.143,5469.0,15.0,6.286,17105.623,112.907,69.645,190.525,0.523,0.219,1.47,,,,,,,,,,,,,,,,,,35352675.0,20836636.0,13669072.0,202077.0,,126261.0,123.16,72.59,47.62,0.7,4399.0,58169.0,0.203,,28704947.0,36.253,29.0,6.614,3.915,16745.022,,204.85,6.47,,,,0.8,72.06,0.711,,,,
VNM,Asia,Vietnam,2022-02-03,2304095.0,8601.0,14412.429,38063.0,286.0,110.286,23470.739,87.614,146.813,387.73,2.913,1.123,1.06,,,,,,,,,,37957209.0,386.652,,38648.0,0.394,0.443,2.3,samples tested,181581833.0,79078859.0,,,161586.0,441568.0,184.97,80.55,,,4498.0,17888.0,0.018,68.52,98168829.0,308.127,32.6,7.15,4.718,6171.884,2.0,245.465,6.0,1.0,45.9,85.847,2.6,75.4,0.704,,,,
WLF,Oceania,Wallis and Futuna,2022-02-03,454.0,0.0,0.0,7.0,0.0,0.0,40923.021,0.0,0.0,630.972,0.0,0.0,,,,,,,,,,,,,,,,,,,,,,,,,,,,,,,,,11094.0,,,,,,,,,,,,,79.94,,,,,
OWID_WRL,,World,2022-02-03,388048849.0,3138576.0,2976464.143,5712849.0,11471.0,10274.857,49276.259,398.551,377.965,725.444,1.457,1.305,1.06,,,,,,,,,,,,,,,,,,10159848497.0,4824828969.0,4098352669.0,997232672.0,13630142.0,19802183.0,129.01,61.27,52.04,12.66,2515.0,5038778.0,0.064,,7874965730.0,58.045,30.9,8.696,5.355,15469.207,10.0,233.07,8.51,6.434,34.635,60.13,2.705,72.58,0.737,,,,
YEM,Asia,Yemen,2022-02-03,11145.0,32.0,36.714,2020.0,2.0,2.143,365.522,1.05,1.204,66.25,0.066,0.07,1.02,,,,,,,,,,,,,,,,,,744060.0,588626.0,344582.0,,,2532.0,2.44,1.93,1.13,,83.0,1820.0,0.006,12.04,30490639.0,53.508,20.3,2.922,1.583,1479.147,18.8,495.003,5.35,7.6,29.2,49.542,0.7,66.12,0.47,,,,
ZMB,Africa,Zambia,2022-02-03,306347.0,388.0,335.0,3925.0,4.0,2.571,16191.14,20.507,17.706,207.445,0.211,0.136,0.54,,,,,,,,,3969.0,3193875.0,168.804,0.21,3595.0,0.19,0.093,10.7,tests performed,2414070.0,,1675276.0,,14333.0,10992.0,12.76,,8.85,,581.0,,,37.96,18920657.0,22.995,17.7,2.48,1.542,3689.251,57.5,234.499,3.94,3.1,24.7,13.938,2.0,63.89,0.584,,,,
ZWE,Africa,Zimbabwe,2022-02-03,230170.0,158.0,153.429,5357.0,5.0,4.714,15250.954,10.469,10.166,354.952,0.331,0.312,0.57,,,,,,,,,3653.0,1994516.0,132.156,0.242,22075.0,1.463,0.007,143.9,tests performed,7600946.0,4286198.0,3314748.0,,7022.0,8296.0,50.36,28.4,21.96,,550.0,4160.0,0.028,40.74,15092171.0,42.729,19.6,2.822,1.882,1899.775,21.4,307.846,1.82,1.6,30.7,36.791,1.7,61.49,0.571,,,,
